"","ID","Species","Date.collected","Date.intestine.dissected","Date.fish.dissected","island","fishingstatus","Station","sitechla","chla","latitude","depth","Habitat","TL","TL..mm.","FL..mm.","SL..mm.","TWW..g.","Intestine.weight..g.","Gonads","Gonad.voucher","TREM.ALL","CEST.ALL","COP.ALL","ISO.ALL","NEM.ALL"
"1","1001","ACANIG","5-Nov-10","5-Mar-12","25-Apr-12","Tabuaeran","fished","TAB-2010-F1",0.172,0.187,3.82595,65,"forereef",115,115,112,93,37,1.77,"?",15449,6,0,0,0,0
"2","1002","ACANIG","5-Nov-10","14-Feb-12","23-Apr-12","Tabuaeran","fished","TAB-2010-F1",0.172,0.187,3.82595,65,"forereef",146,146,142,118,82.18,8.46,"M",15037,10,0,0,0,1
"3","1003","ACANIG","5-Nov-10","7-Feb-12","25-Apr-12","Tabuaeran","fished","TAB-2010-F1",0.172,0.187,3.82595,65,"forereef",159,159,155,NA,112.16,11.5,"M",15451,130,0,0,0,0
"4","1008","ACANIG","5-Nov-10","7-Feb-12","12-Apr-12","Tabuaeran","fished","TAB-2010-F1",0.172,0.187,3.82595,65,"forereef",160,160,155,130,124,13.08,"F1",15460,91,0,0,0,0
"5","1106","ACANIG","9-Nov-10","14-Feb-12","20-Apr-12","Teraina","fished","TER-2010-F3",0.153,0.154,4.70242,35,"forereef",170,170,162,129,115.29,11.18,"?",NA,293,4,0,0,1
"6","1108","ACANIG","9-Nov-10","21-Feb-12","16-Apr-12","Teraina","fished","TER-2010-F3",0.153,0.154,4.70242,35,"forereef",222,222,213,173,264,38.97,"F3",15743,658,0,0,0,0
"7","1109","ACANIG","9-Nov-10","17-Feb-12","13-Apr-12","Teraina","fished","TER-2010-F3",0.153,0.154,4.70242,35,"forereef",197,197,185,148,190,19.57,"F3",16949,22,0,0,0,0
"8","1114","ACANIG","9-Nov-10","20-Jan-12","18-Apr-12","Teraina","fished","TER-2010-F3",0.153,0.154,4.70242,35,"forereef",164,164,159,130,115.73,38.13,"M",12429,201,0,0,0,2
"9","1115","ACANIG","9-Nov-10","21-Feb-12","13-Apr-12","Teraina","fished","TER-2010-F3",0.153,0.154,4.70242,35,"forereef",217,217,208,173,268,38.96,"F3",16048,420,7,0,0,0
"10","1116","ACANIG","9-Nov-10","21-Jan-12","25-Apr-12","Teraina","fished","TER-2010-F3",0.153,0.154,4.70242,35,"forereef",167,167,159,127,100,9.2,"M",11769,168,0,0,0,1
"11","1118","ACANIG","9-Nov-10","20-Jan-12","12-Apr-12","Teraina","fished","TER-2010-F3",0.153,0.154,4.70242,35,"forereef",219,219,199,165,247,38.13,"F3",9163,516,1,0,0,0
"12","1118","ACANIG","9-Nov-10","20-Jan-12","12-Apr-12","Teraina","fished","TER-2010-F3",0.153,0.154,4.70242,35,"forereef",219,219,199,165,247,38.13,"F3",9163,544,1,0,0,0
"13","1119","ACANIG","9-Nov-10","21-Jan-12","25-Apr-12","Teraina","fished","TER-2010-F3",0.153,0.154,4.70242,35,"forereef",162,162,158,128,113,11.59,"M",12122,461,25,0,0,0
"14","1120","ACANIG","9-Nov-10","21-Feb-12","13-Apr-12","Teraina","fished","TER-2010-F3",0.153,0.154,4.70242,35,"forereef",215,215,206,171,268.83,32.92,"F3",17227,439,1,1,0,0
"15","1745","ACANIG","5-Nov-10","3-Feb-12","18-Apr-12","Tabuaeran","fished","TAB-2010-F1",0.172,0.187,3.82595,65,"forereef",225,225,215,176,243,1.67,"F3",9778,56,0,0,0,0
"16","1746","ACANIG","5-Nov-10","20-Jan-12","13-Apr-12","Tabuaeran","fished","TAB-2010-F1",0.172,0.187,3.82595,65,"forereef",219,219,206,169,236,31.23,"?",9176,173,0,0,0,0
"17","1747","ACANIG","5-Nov-10","24-Feb-12","12-Apr-12","Tabuaeran","fished","TAB-2010-F1",0.172,0.187,3.82595,65,"forereef",197,197,194,159,210,31.41,"F3",9494,61,0,0,0,0
"18","1748","ACANIG","5-Nov-10","21-Feb-12","12-Apr-12","Tabuaeran","fished","TAB-2010-F1",0.172,0.187,3.82595,65,"forereef",168,168,164,131,95.21,6.71,"M",9785,200,0,0,0,0
"19","1749","ACANIG","5-Nov-10","21-Feb-12","23-Apr-12","Tabuaeran","fished","TAB-2010-F1",0.172,0.187,3.82595,65,"forereef",165,165,158,129,110,9.59,"?",NA,106,2,0,0,0
"20","1750","ACANIG","5-Nov-10","14-Feb-12","16-Apr-12","Tabuaeran","fished","TAB-2010-F1",0.172,0.187,3.82595,65,"forereef",200,200,194,161,242,30.73,"?",9188,310,0,0,0,0
"21","1751","ACANIG","5-Nov-10","21-Jan-12","20-Apr-12","Tabuaeran","fished","TAB-2010-F1",0.172,0.187,3.82595,65,"forereef",130,130,123,99,50,3.67,"?",NA,0,0,0,0,0
"22","1752","ACANIG","5-Nov-10","31-Jan-12","25-Apr-12","Tabuaeran","fished","TAB-2010-F1",0.172,0.187,3.82595,65,"forereef",197,197,189,155,220,47.47,"F3",9475,27,0,0,0,0
"23","1753","ACANIG","5-Nov-10","17-Jan-12","16-Apr-12","Tabuaeran","fished","TAB-2010-F1",0.172,0.187,3.82595,65,"forereef",208,208,202,168,226,15.6,"F3",9171,30,0,0,0,0
"24","1755","ACANIG","5-Nov-10","20-Jan-12","12-Apr-12","Tabuaeran","fished","TAB-2010-F1",0.172,0.187,3.82595,65,"forereef",205,205,202,162,229,31.17,"F3",9489,89,0,0,0,0
"25","1756","ACANIG","5-Nov-10","21-Feb-12","16-Apr-12","Tabuaeran","fished","TAB-2010-F1",0.172,0.187,3.82595,65,"forereef",205,205,202,173,239,35.73,"F3",12021,231,0,0,0,0
"26","1758","ACANIG","5-Nov-10","21-Jan-12","20-Apr-12","Tabuaeran","fished","TAB-2010-F1",0.172,0.187,3.82595,65,"forereef",154,154,150,125,92,7.5,"M",9467,12,0,0,0,0
"27","1760","ACANIG","5-Nov-10","27-Jan-12","25-Apr-12","Tabuaeran","fished","TAB-2010-F1",0.172,0.187,3.82595,65,"forereef",190,190,185,155,209,27,"?",NA,219,0,0,0,0
"28","1795","ACANIG","5-Nov-10","17-Feb-12","23-Apr-12","Tabuaeran","fished","TAB-2010-F1",0.172,0.187,3.82595,65,"forereef",95,95,93,77,NA,1.97,"?",15045,0,0,0,0,0
"29","1797","ACANIG","5-Nov-10","3-Feb-12","25-Apr-12","Tabuaeran","fished","TAB-2010-F1",0.172,0.187,3.82595,65,"forereef",125,125,120,100,50.78,3.84,"?",15444,14,0,0,0,0
"30","1799","ACANIG","5-Nov-10","3-Feb-12","23-Apr-12","Tabuaeran","fished","TAB-2010-F1",0.172,0.187,3.82595,65,"forereef",120,120,115,95,43,4.18,"?",NA,0,0,0,0,0
"31","1907","ACANIG","9-Nov-10","14-Feb-12","12-Apr-12","Teraina","fished","TER-2010-F2",0.156,0.154,4.67392,35,"forereef",208,208,201,164,260,34.17,"F3",9161,243,0,0,0,0
"32","1918","ACANIG","9-Nov-10","17-Jan-12","25-Apr-12","Teraina","fished","TER-2010-F3",0.153,0.154,4.70242,35,"forereef",152,152,144,115,83,6.95,"?",NA,39,0,0,0,0
"33","1920","ACANIG","9-Nov-10","31-Jan-12","13-Apr-12","Teraina","fished","TER-2010-F3",0.153,0.154,4.70242,35,"forereef",194,194,189,157,196,26.98,"F3",12339,122,2,0,0,0
"34","1936","ACANIG","12-Nov-10","20-Jan-12","12-Apr-12","Jarvis","unfished","JAR-2010-F1",0.211,0.208,-0.37152,45,"forereef",179,179,170,146,144.08,9.99,"F1",11367,335,13,0,0,0
"35","1953","ACANIG","12-Nov-10","17-Feb-12","16-Apr-12","Jarvis","unfished","JAR-2010-F1",0.211,0.208,-0.37152,45,"forereef",219,219,208,176,319,44.83,"F3",16966,876,8,0,1,0
"36","1957","ACANIG","12-Nov-10","21-Feb-12","16-Apr-12","Jarvis","unfished","JAR-2010-F1",0.211,0.208,-0.37152,45,"forereef",188,188,180,154,162,17.64,"F1",16620,399,2,0,0,0
"37","1958","ACANIG","12-Nov-10","14-Feb-12","16-Apr-12","Jarvis","unfished","JAR-2010-F1",0.211,0.208,-0.37152,45,"forereef",219,219,210,180,315,40.12,"F3",9172,1757,1,0,0,0
"38","2017","ACANIG","19-Nov-10","31-Jan-12","18-Apr-12","Kiritimati","fished","KIR-2010-F1",0.212,0.19,2.02572,35,"forereef",208,208,201,169,230,22.23,"F3",12329,1447,5,0,0,0
"39","2018","ACANIG","19-Nov-10","26-Jan-12","19-Apr-12","Kiritimati","fished","KIR-2010-F1",0.212,0.19,2.02572,35,"forereef",146,146,142,117,80.52,7.35,"?",NA,291,0,0,0,0
"40","2450","ACANIG","31-Oct-10","7-Feb-12","19-Apr-12","Kingman","unfished","KIN-2010-F3",0.411,0.132,6.3897,35,"patchreef",174.3,174.3,164.3,134.5,116.76,19.58,"?",NA,220,0,0,0,0
"41","2451","ACANIG","31-Oct-10","27-Jan-12","19-Apr-12","Kingman","unfished","KIN-2010-F3",0.411,0.132,6.3897,35,"patchreef",173.5,173.5,162.2,133.4,115.69,20.19,"F1",11828,317,0,0,0,0
"42","2453","ACANIG","31-Oct-10","27-Jan-12","19-Apr-12","Kingman","unfished","KIN-2010-F3",0.411,0.132,6.3897,35,"patchreef",177.5,177.5,169.3,147.5,100.5,17.01,"?",NA,182,2,0,0,0
"43","2499","ACANIG","2-Nov-10","27-Jan-12","19-Apr-12","Kingman","unfished","KIN-2010-F5",0.117,0.132,6.42968,60,"forereef",175.7,175.7,165.1,135.4,130.36,20.14,"?",NA,61,3,0,0,0
"44","2500","ACANIG","2-Nov-10","27-Jan-12","23-Apr-12","Kingman","unfished","KIN-2010-F5",0.117,0.132,6.42968,60,"forereef",157.3,157.3,146.8,122.5,99.73,14.45,"F3",12341,0,0,0,0,1
"45","2503","ACANIG","2-Nov-10","24-Feb-12","19-Apr-12","Kingman","unfished","KIN-2010-F5",0.117,0.132,6.42968,60,"forereef",164.2,164.2,156.7,131.7,131.31,19.17,"F3",11360,6,0,0,0,0
"46","2547","ACANIG","5-Nov-10","24-Feb-12","18-Apr-12","Tabuaeran","fished","TAB-2010-F1",0.172,0.187,3.82595,65,"forereef",154,154,146,125,91,8.82,"M",12091,102,0,1,0,1
"47","2548","ACANIG","5-Nov-10","21-Jan-12","25-Apr-12","Tabuaeran","fished","TAB-2010-F1",0.172,0.187,3.82595,65,"forereef",123,123,118,97,39,5.01,"F1",11459,15,0,0,0,0
"48","2549","ACANIG","5-Nov-10","3-Feb-12","25-Apr-12","Tabuaeran","fished","TAB-2010-F1",0.172,0.187,3.82595,65,"forereef",155,155,148,125,91,8.22,"M",11813,167,0,0,0,0
"49","2552","ACANIG","5-Nov-10","21-Jan-12","23-Apr-12","Tabuaeran","fished","TAB-2010-F1",0.172,0.187,3.82595,65,"forereef",151,151,148,120,84.53,8.1,"?",NA,24,0,0,0,0
"50","2553","ACANIG","5-Nov-10","7-Feb-12","23-Apr-12","Tabuaeran","fished","TAB-2010-F1",0.172,0.187,3.82595,65,"forereef",147,147,136,114,76,7.65,"M",12064,19,0,0,0,0
"51","2554","ACANIG","5-Nov-10","17-Feb-12","13-Apr-12","Tabuaeran","fished","TAB-2010-F1",0.172,0.187,3.82595,65,"forereef",211,211,205,170,2.59,35.36,"F3",12333,92,1,0,0,0
"52","2555","ACANIG","5-Nov-10","27-Jan-12","12-Apr-12","Tabuaeran","fished","TAB-2010-F1",0.172,0.187,3.82595,65,"forereef",231,231,214,175,276,28.55,"F3",12337,61,0,0,0,0
"53","2559","ACANIG","5-Nov-10","20-Jan-12","25-Apr-12","Tabuaeran","fished","TAB-2010-F1",0.172,0.187,3.82595,65,"forereef",180,180,169,139,145,17.36,"?",NA,70,0,0,0,1
"54","2626","ACANIG","8-Nov-10","27-Jan-12","13-Apr-12","Teraina","fished","TER-2010-F1",0.156,0.154,4.67392,60,"forereef",190,190,181,152,185.45,25.79,"F3",12332,114,1,0,0,0
"55","2627","ACANIG","8-Nov-10","27-Jan-12","12-Apr-12","Teraina","fished","TER-2010-F1",0.156,0.154,4.67392,60,"forereef",199,199,190,161,185,26.57,"?",NA,10,0,0,0,0
"56","2628","ACANIG","8-Nov-10","17-Jan-12","23-Apr-12","Teraina","fished","TER-2010-F1",0.156,0.154,4.67392,60,"forereef",145,145,139,114,69.91,7.88,"?",NA,52,1,0,0,2
"57","2630","ACANIG","8-Nov-10","31-Jan-12","12-Apr-12","Teraina","fished","TER-2010-F1",0.156,0.154,4.67392,60,"forereef",201,201,199,168,218,36.7,"F3",9492,108,0,1,0,1
"58","2632","ACANIG","8-Nov-10","20-Jan-12","20-Apr-12","Teraina","fished","TER-2010-F1",0.156,0.154,4.67392,60,"forereef",158,158,152,127,87.63,8.56,"?",NA,38,1,0,0,2
"59","2633","ACANIG","8-Nov-10","20-Jan-12","18-Apr-12","Teraina","fished","TER-2010-F1",0.156,0.154,4.67392,60,"forereef",160,160,155,130,103.33,9.11,"M",9720,141,0,0,0,0
"60","2634","ACANIG","8-Nov-10","27-Jan-12","13-Apr-12","Teraina","fished","TER-2010-F1",0.156,0.154,4.67392,60,"forereef",181,181,175,151,174.85,25.8,"?",12098,102,0,0,0,1
"61","2636","ACANIG","8-Nov-10","14-Mar-12","12-Apr-12","Teraina","fished","TER-2010-F1",0.156,0.154,4.67392,60,"forereef",160,160,156,132,113,0.71,"F1",9748,18,0,0,0,0
"62","2636","ACANIG","8-Nov-10","14-Mar-12","12-Apr-12","Teraina","fished","TER-2010-F1",0.156,0.154,4.67392,60,"forereef",160,160,156,132,113,0.71,"F1",9748,18,0,0,0,0
"63","2636","ACANIG","8-Nov-10","21-Jan-12","18-Apr-12","Teraina","fished","TER-2010-F1",0.156,0.154,4.67392,60,"forereef",160,160,156,132,113,17.02,"?",NA,39,0,0,0,0
"64","2636","ACANIG","8-Nov-10","21-Jan-12","18-Apr-12","Teraina","fished","TER-2010-F1",0.156,0.154,4.67392,60,"forereef",160,160,156,132,113,17.02,"?",NA,39,0,0,0,0
"65","2637","ACANIG","8-Nov-10","31-Jan-12","16-Apr-12","Teraina","fished","TER-2010-F1",0.156,0.154,4.67392,60,"forereef",200,200,191,159,185,27.16,"?",NA,86,0,0,0,0
"66","2639","ACANIG","8-Nov-10","14-Feb-12","25-Apr-12","Teraina","fished","TER-2010-F1",0.156,0.154,4.67392,60,"forereef",160,160,153,129,91,11.45,"?",NA,175,0,0,0,1
"67","2721","ACANIG","12-Nov-10","31-Jan-12","12-Apr-12","Jarvis","unfished","JAR-2010-F1",0.211,0.208,-0.37152,45,"forereef",171,171,165,136,121.16,11.1,"M",12326,266,2,0,0,0
"68","2722","ACANIG","12-Nov-10","21-Jan-12","13-Apr-12","Jarvis","unfished","JAR-2010-F1",0.211,0.208,-0.37152,45,"forereef",175,175,166,140,136.66,15.62,"M",11680,1135,4,0,0,0
"69","2723","ACANIG","12-Nov-10","17-Jan-12","12-Apr-12","Jarvis","unfished","JAR-2010-F1",0.211,0.208,-0.37152,45,"forereef",180,180,170,145,142.27,13.93,"?",NA,474,8,0,0,0
"70","2725","ACANIG","12-Nov-10","6-Mar-12","16-Apr-12","Jarvis","unfished","JAR-2010-F1",0.211,0.208,-0.37152,45,"forereef",215,215,209,178,286,34.32,"F3",16669,226,0,0,0,0
"71","322","ACANIG","12-Nov-10","21-Jan-12","16-Apr-12","Jarvis","unfished","JAR-2010-F1",0.211,0.208,-0.37152,45,"forereef",176,176,172,146,147,15.19,"?",NA,491,2,0,0,0
"72","323","ACANIG","12-Nov-10","24-Feb-12","18-Apr-12","Jarvis","unfished","JAR-2010-F1",0.211,0.208,-0.37152,45,"forereef",210,210,205,175,301,20.19,"F3",9174,328,5,0,0,0
"73","324","ACANIG","12-Nov-10","21-Jan-12","13-Apr-12","Jarvis","unfished","JAR-2010-F1",0.211,0.208,-0.37152,45,"forereef",215,215,206,176,275,40.97,"F3",9780,548,7,0,0,0
"74","325","ACANIG","12-Nov-10","14-Feb-12","12-Apr-12","Jarvis","unfished","JAR-2010-F1",0.211,0.208,-0.37152,45,"forereef",162,162,158,137,134.4,17.11,"F1",9742,225,0,0,0,0
"75","326","ACANIG","12-Nov-10","31-Jan-12","16-Apr-12","Jarvis","unfished","JAR-2010-F1",0.211,0.208,-0.37152,45,"forereef",220,220,210,179,309,48.56,"F3",9478,1733,10,0,0,0
"76","3272","ACANIG","1-Nov-10","27-Jan-12","18-Apr-12","Kingman","unfished","KIN-2010-F3",0.411,0.132,6.3897,35,"patchreef",148.6,148.6,146.2,122.9,85.95,18.13,"F1",11414,35,0,1,0,0
"77","3273","ACANIG","1-Nov-10","26-Jan-12","18-Apr-12","Kingman","unfished","KIN-2010-F3",0.411,0.132,6.3897,35,"patchreef",148.6,148.6,143.4,120.6,85,14.99,"F1",11752,36,0,0,0,0
"78","3274","ACANIG","1-Nov-10","26-Jan-12","18-Apr-12","Kingman","unfished","KIN-2010-F3",0.411,0.132,6.3897,35,"patchreef",133.1,133.1,125.5,106.1,50.77,7.45,"F1",NA,28,0,0,0,1
"79","3275","ACANIG","1-Nov-10","21-Jan-12","20-Apr-12","Kingman","unfished","KIN-2010-F3",0.411,0.132,6.3897,35,"patchreef",149.5,149.5,142,118.4,68.72,8.49,"?",NA,118,0,0,0,0
"80","3278","ACANIG","1-Nov-10","7-Feb-12","19-Apr-12","Kingman","unfished","KIN-2010-F3",0.411,0.132,6.3897,35,"patchreef",157,157,148.2,126.7,107.12,17.87,"F1",9101,19,0,0,0,0
"81","3279","ACANIG","31-Oct-10","3-Feb-12","19-Apr-12","Kingman","unfished","KIN-2010-F3",0.411,0.132,6.3897,35,"patchreef",185.4,185.4,177.4,144.7,121.11,15.4,"?",NA,36,0,0,0,0
"82","328","ACANIG","12-Nov-10","31-Jan-12","23-Apr-12","Jarvis","unfished","JAR-2010-F1",0.211,0.208,-0.37152,45,"forereef",171,171,163,138,129.19,13.25,"M",9142,471,3,0,0,0
"83","3280","ACANIG","31-Oct-10","21-Jan-12","16-Apr-12","Kingman","unfished","KIN-2010-F3",0.411,0.132,6.3897,35,"patchreef",174.1,174.1,163.2,133.5,107.64,17.75,"F3",11629,131,0,0,0,0
"84","329","ACANIG","12-Nov-10","31-Jan-12","13-Apr-12","Jarvis","unfished","JAR-2010-F1",0.211,0.208,-0.37152,45,"forereef",200,200,194,165,259,23.9,"F3",9175,412,3,0,0,0
"85","335","ACANIG","12-Nov-10","20-Jan-12","18-Apr-12","Jarvis","unfished","JAR-2010-F1",0.211,0.208,-0.37152,45,"forereef",225,225,217,185,319,50.01,"F3",11389,284,13,0,0,0
"86","336","ACANIG","12-Nov-10","6-Mar-12","16-Apr-12","Jarvis","unfished","JAR-2010-F1",0.211,0.208,-0.37152,45,"forereef",218,218,209,178,NA,42.91,"F3",16967,418,5,0,0,0
"87","3426","ACANIG","8-Nov-10","7-Feb-12","23-Apr-12","Teraina","fished","TER-2010-F1",0.156,0.154,4.67392,60,"forereef",164,164,157,134,102.06,10.07,"F1",9424,78,1,0,0,1
"88","3427","ACANIG","8-Nov-10","21-Feb-12","13-Apr-12","Teraina","fished","TER-2010-F1",0.156,0.154,4.67392,60,"forereef",155,155,149,126,NA,9.94,"M",17584,149,3,0,0,0
"89","3428","ACANIG","8-Nov-10","6-Mar-12","16-Apr-12","Teraina","fished","TER-2010-F1",0.156,0.154,4.67392,60,"forereef",202,202,193,163,190,25.76,"?",NA,129,6,0,0,1
"90","3433","ACANIG","8-Nov-10","17-Feb-12","23-Apr-12","Teraina","fished","TER-2010-F1",0.156,0.154,4.67392,60,"forereef",162,162,157,133,104.58,8.06,"?",NA,67,0,0,0,1
"91","388","ACANIG","13-Nov-10","16-Jan-12","23-Apr-12","Jarvis","unfished","JAR-2010-F2",0.211,0.208,-0.367,50,"forereef",159,159,152,129,95.22,10.66,"F1",12144,462,1,0,0,0
"92","389","ACANIG","13-Nov-10","27-Jan-12","20-Apr-12","Jarvis","unfished","JAR-2010-F2",0.211,0.208,-0.367,50,"forereef",150,150,144,121,90.17,10.33,"M",12461,409,4,0,0,0
"93","391","ACANIG","13-Nov-10","16-Jan-12","18-Apr-12","Jarvis","unfished","JAR-2010-F2",0.211,0.208,-0.367,50,"forereef",164,164,155,135,102.78,10.31,"F1",12458,458,0,0,0,0
"94","392","ACANIG","13-Nov-10","31-Jan-12","25-Apr-12","Jarvis","unfished","JAR-2010-F2",0.211,0.208,-0.367,50,"forereef",151,151,145,122,89.55,8.88,"?",NA,878,0,0,0,0
"95","393","ACANIG","13-Nov-10","17-Jan-12","23-Apr-12","Jarvis","unfished","JAR-2010-F2",0.211,0.208,-0.367,50,"forereef",149,149,142,119,88.07,10.1,"?",NA,302,1,0,1,0
"96","397","ACANIG","13-Nov-10","17-Jan-12","25-Apr-12","Jarvis","unfished","JAR-2010-F2",0.211,0.208,-0.367,50,"forereef",154,154,150,126,100.39,11.29,"M",12275,143,0,0,0,0
"97","398","ACANIG","13-Nov-10","17-Jan-12","25-Apr-12","Jarvis","unfished","JAR-2010-F2",0.211,0.208,-0.367,50,"forereef",155,155,147,121.5,100.01,8.9,"?",NA,294,1,0,0,0
"98","400","ACANIG","13-Nov-10","16-Sep-11","25-Apr-12","Jarvis","unfished","JAR-2010-F2",0.211,0.208,-0.367,50,"forereef",169,169,161,136,117.32,NA,"?",NA,326,0,0,0,0
"99","60","ACANIG","31-Oct-10","27-Jan-12","18-Apr-12","Kingman","unfished","KIN-2010-F2",0.411,0.132,6.3863,35,"backreef",141.4,141.4,132.8,109.5,60.58,5.77,"?",NA,72,0,0,0,0
"100","63","ACANIG","31-Oct-10","31-Jan-12","19-Apr-12","Kingman","unfished","KIN-2010-F2",0.411,0.132,6.3863,35,"backreef",154.1,154.1,144.9,NA,79.34,14.34,"F1",11353,101,0,0,0,0
"101","68","ACANIG","31-Oct-10","24-Feb-12","13-Apr-12","Kingman","unfished","KIN-2010-F1",0.411,0.132,6.38147,45,"forereef",165.2,165.2,156.7,129.7,115,13.87,"F3",7272,59,0,0,0,0
"102","72","ACANIG","31-Oct-10","7-Feb-12","18-Apr-12","Kingman","unfished","KIN-2010-F1",0.411,0.132,6.38147,45,"forereef",169.1,169.1,159.5,130.1,127.74,17.53,"F3",9706,19,0,0,0,1
"103","75","ACANIG","31-Oct-10","14-Feb-12","19-Apr-12","Kingman","unfished","KIN-2010-F1",0.411,0.132,6.38147,45,"forereef",163.7,163.7,153.6,123,119.73,14.27,"F3",9672,27,0,0,0,0
"104","79","ACANIG","31-Oct-10","17-Feb-12","19-Apr-12","Kingman","unfished","KIN-2010-F1",0.411,0.132,6.38147,45,"forereef",166.6,166.6,159.2,129.8,126.12,12.23,"?",NA,24,0,0,0,0
"105","856","ACANIG","31-Oct-10","14-Feb-12","19-Apr-12","Kingman","unfished","KIN-2010-F2",0.411,0.132,6.3863,35,"backreef",156.2,156.2,148.1,118.3,96.76,18.43,"?",NA,441,0,0,0,0
"106","865","ACANIG","31-Oct-10","3-Feb-12","16-Apr-12","Kingman","unfished","KIN-2010-F2",0.411,0.132,6.3863,35,"backreef",202.5,202.5,198.3,171.9,111.13,18.94,"F1",5456,123,0,0,0,0
"107","866","ACANIG","31-Oct-10","7-Feb-12","19-Apr-12","Kingman","unfished","KIN-2010-F2",0.411,0.132,6.3863,35,"backreef",169.7,169.7,161.4,132.4,86.62,13.38,"?",NA,325,0,0,0,1
"108","867","ACANIG","31-Oct-10","14-Feb-12","20-Apr-12","Kingman","unfished","KIN-2010-F2",0.411,0.132,6.3863,35,"backreef",147.5,147.5,142.7,117.9,74.68,9.98,"?",NA,105,0,0,0,1
"109","98","ACANIG","31-Oct-10","26-Jan-12","19-Apr-12","Kingman","unfished","KIN-2010-F3",0.411,0.132,6.3897,35,"patchreef",157.5,157.5,150.4,122.4,93.51,15.09,"?",NA,274,0,1,0,0
"110","99","ACANIG","31-Oct-10","27-Jan-12","13-Apr-12","Kingman","unfished","KIN-2010-F3",0.411,0.132,6.3897,35,"patchreef",160.8,160.8,149.4,119,98.84,8.84,"F1",12148,102,0,0,0,0
"111","996","ACANIG","5-Nov-10","20-Jan-12","23-Apr-12","Tabuaeran","fished","TAB-2010-F1",0.172,0.187,3.82595,65,"forereef",115,115,112,92,43,3.57,"?",NA,0,0,0,0,0
"112","TRE050","ACANIG","15-May-14","","2-Sep-15","Kiritimati","fished","KIR-2010-30",0.212,0.19,2.025717,35,"forereef",206,206,194,163,202.85,NA,"F",NA,1461,0,0,0,0
"113","TRE072","ACANIG","9-May-14","","12-Sep-15","Kiritimati","fished","KIR-2010-30",0.212,0.19,2.025717,39,"forereef",188,188,176,148,197.87,NA,"F",NA,742,9,0,0,2
"114","TRE075","ACANIG","9-May-14","","12-Sep-15","Kiritimati","fished","KIR-2010-30",0.212,0.19,2.025717,39,"forereef",195,195,186,155,200.41,NA,"F",NA,1937,1,0,0,2
"115","TRE076","ACANIG","9-May-14","","10-Sep-15","Kiritimati","fished","KIR-2010-30",0.212,0.19,2.025717,39,"forereef",200,200,189,155,216.78,NA,"F",NA,1252,3,0,0,0
"116","TRE077","ACANIG","9-May-14","","13-Sep-15","Kiritimati","fished","KIR-2010-30",0.212,0.19,2.025717,39,"forereef",160,160,151,124,96.47,NA,"M",NA,1066,9,0,0,0
"117","TRE078","ACANIG","17-May-14","","14-Sep-15","Kiritimati","fished","KIR-2010-30",0.212,0.19,2.025717,30,"forereef",193,193,178,155,187.94,NA,"F",NA,17,0,0,0,1
"118","TRE080","ACANIG","15-May-14","","15-Sep-15","Kiritimati","fished","KIR-2010-30",0.212,0.19,2.025717,35,"forereef",199,199,187,155,161.03,NA,"F",NA,988,0,0,0,1
"119","TRE083","ACANIG","15-May-14","","12-Sep-15","Kiritimati","fished","KIR-2010-30",0.212,0.19,2.025717,35,"forereef",202,202,196,161,196.19,NA,"F",NA,1183,3,0,0,0
"120","TRE084","ACANIG","15-May-14","","13-Sep-15","Kiritimati","fished","KIR-2010-30",0.212,0.19,2.025717,35,"forereef",157,157,149,122,96.1,NA,"M",NA,1469,3,0,0,0
"121","TRE093","ACANIG","15-May-14","","11-Sep-15","Kiritimati","fished","KIR-2010-30",0.212,0.19,2.025717,39,"forereef",199,199,184,152,203.15,NA,"F",NA,1552,7,0,0,3
"122","TRE095","ACANIG","15-May-14","","1-Sep-15","Kiritimati","fished","KIR-2010-30",0.212,0.19,2.025717,35,"forereef",205,205,186,161,190.33,NA,"F",NA,627,11,0,0,0
"123","TRE096","ACANIG","15-May-14","","13-Sep-15","Kiritimati","fished","KIR-2010-30",0.212,0.19,2.025717,35,"forereef",191,191,172,144,177.38,NA,"F",NA,613,14,0,0,0
"124","TRE102","ACANIG","15-May-14","","3-Sep-15","Kiritimati","fished","KIR-2010-30",0.212,0.19,2.025717,35,"forereef",212,212,195,166,251.05,NA,"F",NA,904,4,0,0,4
"125","TRE103","ACANIG","15-May-14","","3-Sep-15","Kiritimati","fished","KIR-2010-30",0.212,0.19,2.025717,35,"forereef",162,162,151,129,103.54,NA,"F",NA,223,1,0,0,0
"126","TRE104","ACANIG","15-May-14","","10-Sep-15","Kiritimati","fished","KIR-2010-30",0.212,0.19,2.025717,35,"forereef",196,196,186,151,197.59,NA,"F",NA,305,0,0,0,0
"127","TRE105","ACANIG","15-May-14","","13-Sep-15","Kiritimati","fished","KIR-2010-30",0.212,0.19,2.025717,35,"forereef",202,202,196,162,201.61,NA,"F",NA,1248,1,0,0,2
"128","TRE106","ACANIG","15-May-14","","10-Sep-15","Kiritimati","fished","KIR-2010-30",0.212,0.19,2.025717,35,"forereef",206,206,194,163,217.99,NA,"F",NA,356,2,0,0,1
"129","TRE107","ACANIG","15-May-14","","14-Sep-15","Kiritimati","fished","KIR-2010-30",0.212,0.19,2.025717,35,"forereef",158,158,150,122,94.33,NA,"M",NA,671,2,0,0,0
"130","TRE108","ACANIG","15-May-14","","14-Sep-15","Kiritimati","fished","KIR-2010-30",0.212,0.19,2.025717,35,"forereef",161,161,148,121,95.91,NA,"F",NA,501,0,0,0,1
"131","TRE151","ACANIG","13-May-14","","20-Aug-15","Kiritimati","fished","KIR-2010-30",0.212,0.19,2.025717,35,"forereef",161,161,151,126,96.81,NA,"F",NA,461,2,0,0,0
"132","TRE152","ACANIG","13-May-14","","19-Aug-15","Kiritimati","fished","KIR-2010-30",0.212,0.19,2.025717,35,"forereef",163,163,153,124,96.45,NA,"F",NA,292,2,0,0,0
"133","TRE153","ACANIG","13-May-14","","19-Aug-15","Kiritimati","fished","KIR-2010-30",0.212,0.19,2.025717,35,"forereef",202,202,193,160,188.2,NA,"F",NA,605,2,0,0,0
"134","TRE155","ACANIG","13-May-14","","19-Aug-15","Kiritimati","fished","KIR-2010-30",0.212,0.19,2.025717,35,"forereef",194,194,178,150,177.9,NA,"F",NA,1189,0,0,0,1
"135","TRE157","ACANIG","13-May-14","","25-Aug-15","Kiritimati","fished","KIR-2010-30",0.212,0.19,2.025717,35,"forereef",206,206,190,164,232.25,NA,"F",NA,1238,0,0,0,0
