fish_id,fish_species,date_collected,island,fishing_status,station,fish_depth,fish_habitat,total_length_mm,fork_length_mm,standard_length_mm,total_wet_weight_grams,trematodes_count,cestodes_count,copepods_count,isopods_count,nematodes_count,monogenians_count,gnathopods_count
1,ACANIG,11/05/10,Tabuaeran,fished,TAB-2010-F1,65,forereef,115,112,93,37,6,0,0,0,0,0,0
2,ACANIG,11/05/10,Tabuaeran,fished,TAB-2010-F1,65,forereef,146,142,118,82.18,10,0,0,0,1,0,0
3,ACANIG,11/05/10,Tabuaeran,fished,TAB-2010-F1,65,forereef,159,155,NA,112.16,130,0,0,0,0,0,0
4,ACANIG,11/05/10,Tabuaeran,fished,TAB-2010-F1,65,forereef,160,155,130,124,91,0,0,0,0,0,0
5,ACANIG,11/09/10,Teraina,fished,TER-2010-F3,35,forereef,170,162,129,115.29,293,4,0,0,1,0,0
6,ACANIG,11/09/10,Teraina,fished,TER-2010-F3,35,forereef,222,213,173,264,658,0,0,0,0,0,0
7,ACANIG,11/09/10,Teraina,fished,TER-2010-F3,35,forereef,197,185,148,190,22,0,0,0,0,0,0
8,ACANIG,11/09/10,Teraina,fished,TER-2010-F3,35,forereef,164,159,130,115.73,201,0,0,0,2,0,0
9,ACANIG,11/09/10,Teraina,fished,TER-2010-F3,35,forereef,217,208,173,268,420,7,0,0,0,0,0
10,ACANIG,11/09/10,Teraina,fished,TER-2010-F3,35,forereef,167,159,127,100,168,0,0,0,1,0,0
11,ACANIG,11/09/10,Teraina,fished,TER-2010-F3,35,forereef,219,199,165,247,516,1,0,0,0,0,0
12,ACANIG,11/09/10,Teraina,fished,TER-2010-F3,35,forereef,219,199,165,247,544,1,0,0,0,0,0
13,ACANIG,11/09/10,Teraina,fished,TER-2010-F3,35,forereef,162,158,128,113,461,25,0,0,0,0,0
14,ACANIG,11/09/10,Teraina,fished,TER-2010-F3,35,forereef,215,206,171,268.83,439,1,1,0,0,0,0
15,ACANIG,11/05/10,Tabuaeran,fished,TAB-2010-F1,65,forereef,225,215,176,243,56,0,0,0,0,0,0
16,ACANIG,11/05/10,Tabuaeran,fished,TAB-2010-F1,65,forereef,219,206,169,236,173,0,0,0,0,0,0
17,ACANIG,11/05/10,Tabuaeran,fished,TAB-2010-F1,65,forereef,197,194,159,210,61,0,0,0,0,0,0
18,ACANIG,11/05/10,Tabuaeran,fished,TAB-2010-F1,65,forereef,168,164,131,95.21,200,0,0,0,0,0,0
19,ACANIG,11/05/10,Tabuaeran,fished,TAB-2010-F1,65,forereef,165,158,129,110,106,2,0,0,0,0,0
20,ACANIG,11/05/10,Tabuaeran,fished,TAB-2010-F1,65,forereef,200,194,161,242,310,0,0,0,0,0,0
21,ACANIG,11/05/10,Tabuaeran,fished,TAB-2010-F1,65,forereef,130,123,99,50,0,0,0,0,0,0,0
22,ACANIG,11/05/10,Tabuaeran,fished,TAB-2010-F1,65,forereef,197,189,155,220,27,0,0,0,0,0,0
23,ACANIG,11/05/10,Tabuaeran,fished,TAB-2010-F1,65,forereef,208,202,168,226,30,0,0,0,0,0,0
24,ACANIG,11/05/10,Tabuaeran,fished,TAB-2010-F1,65,forereef,205,202,162,229,89,0,0,0,0,0,0
25,ACANIG,11/05/10,Tabuaeran,fished,TAB-2010-F1,65,forereef,205,202,173,239,231,0,0,0,0,0,0
26,ACANIG,11/05/10,Tabuaeran,fished,TAB-2010-F1,65,forereef,154,150,125,92,12,0,0,0,0,0,0
27,ACANIG,11/05/10,Tabuaeran,fished,TAB-2010-F1,65,forereef,190,185,155,209,219,0,0,0,0,0,0
28,ACANIG,11/05/10,Tabuaeran,fished,TAB-2010-F1,65,forereef,95,93,77,NA,0,0,0,0,0,0,0
29,ACANIG,11/05/10,Tabuaeran,fished,TAB-2010-F1,65,forereef,125,120,100,50.78,14,0,0,0,0,0,0
30,ACANIG,11/05/10,Tabuaeran,fished,TAB-2010-F1,65,forereef,120,115,95,43,0,0,0,0,0,0,0
31,ACANIG,11/09/10,Teraina,fished,TER-2010-F2,35,forereef,208,201,164,260,243,0,0,0,0,0,0
32,ACANIG,11/09/10,Teraina,fished,TER-2010-F3,35,forereef,152,144,115,83,39,0,0,0,0,0,0
33,ACANIG,11/09/10,Teraina,fished,TER-2010-F3,35,forereef,194,189,157,196,122,2,0,0,0,0,0
34,ACANIG,11/12/10,Jarvis,unfished,JAR-2010-F1,45,forereef,179,170,146,144.08,335,13,0,0,0,0,0
35,ACANIG,11/12/10,Jarvis,unfished,JAR-2010-F1,45,forereef,219,208,176,319,876,8,0,1,0,0,0
36,ACANIG,11/12/10,Jarvis,unfished,JAR-2010-F1,45,forereef,188,180,154,162,399,2,0,0,0,0,0
37,ACANIG,11/12/10,Jarvis,unfished,JAR-2010-F1,45,forereef,219,210,180,315,1757,1,0,0,0,0,0
38,ACANIG,11/19/10,Kiritimati,fished,KIR-2010-F1,35,forereef,208,201,169,230,1447,5,0,0,0,0,0
39,ACANIG,11/19/10,Kiritimati,fished,KIR-2010-F1,35,forereef,146,142,117,80.52,291,0,0,0,0,0,0
40,ACANIG,10/31/10,Kingman,unfished,KIN-2010-F3,35,patchreef,174.3,164.3,134.5,116.76,220,0,0,0,0,0,0
41,ACANIG,10/31/10,Kingman,unfished,KIN-2010-F3,35,patchreef,173.5,162.2,133.4,115.69,317,0,0,0,0,0,0
42,ACANIG,10/31/10,Kingman,unfished,KIN-2010-F3,35,patchreef,177.5,169.3,147.5,100.5,182,2,0,0,0,0,0
43,ACANIG,11/02/10,Kingman,unfished,KIN-2010-F5,60,forereef,175.7,165.1,135.4,130.36,61,3,0,0,0,0,0
44,ACANIG,11/02/10,Kingman,unfished,KIN-2010-F5,60,forereef,157.3,146.8,122.5,99.73,0,0,0,0,1,0,0
45,ACANIG,11/02/10,Kingman,unfished,KIN-2010-F5,60,forereef,164.2,156.7,131.7,131.31,6,0,0,0,0,0,0
46,ACANIG,11/05/10,Tabuaeran,fished,TAB-2010-F1,65,forereef,154,146,125,91,102,0,1,0,1,0,0
47,ACANIG,11/05/10,Tabuaeran,fished,TAB-2010-F1,65,forereef,123,118,97,39,15,0,0,0,0,0,0
48,ACANIG,11/05/10,Tabuaeran,fished,TAB-2010-F1,65,forereef,155,148,125,91,167,0,0,0,0,0,0
49,ACANIG,11/05/10,Tabuaeran,fished,TAB-2010-F1,65,forereef,151,148,120,84.53,24,0,0,0,0,0,0
50,ACANIG,11/05/10,Tabuaeran,fished,TAB-2010-F1,65,forereef,147,136,114,76,19,0,0,0,0,0,0
51,ACANIG,11/05/10,Tabuaeran,fished,TAB-2010-F1,65,forereef,211,205,170,2.59,92,1,0,0,0,0,0
52,ACANIG,11/05/10,Tabuaeran,fished,TAB-2010-F1,65,forereef,231,214,175,276,61,0,0,0,0,0,0
53,ACANIG,11/05/10,Tabuaeran,fished,TAB-2010-F1,65,forereef,180,169,139,145,70,0,0,0,1,0,0
54,ACANIG,11/08/10,Teraina,fished,TER-2010-F1,60,forereef,190,181,152,185.45,114,1,0,0,0,0,0
55,ACANIG,11/08/10,Teraina,fished,TER-2010-F1,60,forereef,199,190,161,185,10,0,0,0,0,0,0
56,ACANIG,11/08/10,Teraina,fished,TER-2010-F1,60,forereef,145,139,114,69.91,52,1,0,0,2,0,0
57,ACANIG,11/08/10,Teraina,fished,TER-2010-F1,60,forereef,201,199,168,218,108,0,1,0,1,0,0
58,ACANIG,11/08/10,Teraina,fished,TER-2010-F1,60,forereef,158,152,127,87.63,38,1,0,0,2,0,0
59,ACANIG,11/08/10,Teraina,fished,TER-2010-F1,60,forereef,160,155,130,103.33,141,0,0,0,0,0,0
60,ACANIG,11/08/10,Teraina,fished,TER-2010-F1,60,forereef,181,175,151,174.85,102,0,0,0,1,0,0
61,ACANIG,11/08/10,Teraina,fished,TER-2010-F1,60,forereef,160,156,132,113,18,0,0,0,0,0,0
62,ACANIG,11/08/10,Teraina,fished,TER-2010-F1,60,forereef,160,156,132,113,18,0,0,0,0,0,0
63,ACANIG,11/08/10,Teraina,fished,TER-2010-F1,60,forereef,160,156,132,113,39,0,0,0,0,0,0
64,ACANIG,11/08/10,Teraina,fished,TER-2010-F1,60,forereef,160,156,132,113,39,0,0,0,0,0,0
65,ACANIG,11/08/10,Teraina,fished,TER-2010-F1,60,forereef,200,191,159,185,86,0,0,0,0,0,0
66,ACANIG,11/08/10,Teraina,fished,TER-2010-F1,60,forereef,160,153,129,91,175,0,0,0,1,0,0
67,ACANIG,11/12/10,Jarvis,unfished,JAR-2010-F1,45,forereef,171,165,136,121.16,266,2,0,0,0,0,0
68,ACANIG,11/12/10,Jarvis,unfished,JAR-2010-F1,45,forereef,175,166,140,136.66,1135,4,0,0,0,0,0
69,ACANIG,11/12/10,Jarvis,unfished,JAR-2010-F1,45,forereef,180,170,145,142.27,474,8,0,0,0,0,0
70,ACANIG,11/12/10,Jarvis,unfished,JAR-2010-F1,45,forereef,215,209,178,286,226,0,0,0,0,0,0
71,ACANIG,11/12/10,Jarvis,unfished,JAR-2010-F1,45,forereef,176,172,146,147,491,2,0,0,0,0,0
72,ACANIG,11/12/10,Jarvis,unfished,JAR-2010-F1,45,forereef,210,205,175,301,328,5,0,0,0,0,0
73,ACANIG,11/12/10,Jarvis,unfished,JAR-2010-F1,45,forereef,215,206,176,275,548,7,0,0,0,0,0
74,ACANIG,11/12/10,Jarvis,unfished,JAR-2010-F1,45,forereef,162,158,137,134.4,225,0,0,0,0,0,0
75,ACANIG,11/12/10,Jarvis,unfished,JAR-2010-F1,45,forereef,220,210,179,309,1733,10,0,0,0,0,0
76,ACANIG,11/01/10,Kingman,unfished,KIN-2010-F3,35,patchreef,148.6,146.2,122.9,85.95,35,0,1,0,0,0,0
77,ACANIG,11/01/10,Kingman,unfished,KIN-2010-F3,35,patchreef,148.6,143.4,120.6,85,36,0,0,0,0,0,0
78,ACANIG,11/01/10,Kingman,unfished,KIN-2010-F3,35,patchreef,133.1,125.5,106.1,50.77,28,0,0,0,1,0,0
79,ACANIG,11/01/10,Kingman,unfished,KIN-2010-F3,35,patchreef,149.5,142,118.4,68.72,118,0,0,0,0,0,0
80,ACANIG,11/01/10,Kingman,unfished,KIN-2010-F3,35,patchreef,157,148.2,126.7,107.12,19,0,0,0,0,0,0
81,ACANIG,10/31/10,Kingman,unfished,KIN-2010-F3,35,patchreef,185.4,177.4,144.7,121.11,36,0,0,0,0,0,0
82,ACANIG,11/12/10,Jarvis,unfished,JAR-2010-F1,45,forereef,171,163,138,129.19,471,3,0,0,0,0,0
83,ACANIG,10/31/10,Kingman,unfished,KIN-2010-F3,35,patchreef,174.1,163.2,133.5,107.64,131,0,0,0,0,0,0
84,ACANIG,11/12/10,Jarvis,unfished,JAR-2010-F1,45,forereef,200,194,165,259,412,3,0,0,0,0,0
85,ACANIG,11/12/10,Jarvis,unfished,JAR-2010-F1,45,forereef,225,217,185,319,284,13,0,0,0,0,0
86,ACANIG,11/12/10,Jarvis,unfished,JAR-2010-F1,45,forereef,218,209,178,NA,418,5,0,0,0,0,0
87,ACANIG,11/08/10,Teraina,fished,TER-2010-F1,60,forereef,164,157,134,102.06,78,1,0,0,1,0,0
88,ACANIG,11/08/10,Teraina,fished,TER-2010-F1,60,forereef,155,149,126,NA,149,3,0,0,0,0,0
89,ACANIG,11/08/10,Teraina,fished,TER-2010-F1,60,forereef,202,193,163,190,129,6,0,0,1,0,0
90,ACANIG,11/08/10,Teraina,fished,TER-2010-F1,60,forereef,162,157,133,104.58,67,0,0,0,1,0,0
91,ACANIG,11/13/10,Jarvis,unfished,JAR-2010-F2,50,forereef,159,152,129,95.22,462,1,0,0,0,0,0
92,ACANIG,11/13/10,Jarvis,unfished,JAR-2010-F2,50,forereef,150,144,121,90.17,409,4,0,0,0,0,0
93,ACANIG,11/13/10,Jarvis,unfished,JAR-2010-F2,50,forereef,164,155,135,102.78,458,0,0,0,0,0,0
94,ACANIG,11/13/10,Jarvis,unfished,JAR-2010-F2,50,forereef,151,145,122,89.55,878,0,0,0,0,0,0
95,ACANIG,11/13/10,Jarvis,unfished,JAR-2010-F2,50,forereef,149,142,119,88.07,302,1,0,1,0,0,0
96,ACANIG,11/13/10,Jarvis,unfished,JAR-2010-F2,50,forereef,154,150,126,100.39,143,0,0,0,0,0,0
97,ACANIG,11/13/10,Jarvis,unfished,JAR-2010-F2,50,forereef,155,147,121.5,100.01,294,1,0,0,0,0,0
98,ACANIG,11/13/10,Jarvis,unfished,JAR-2010-F2,50,forereef,169,161,136,117.32,326,0,0,0,0,0,0
99,ACANIG,10/31/10,Kingman,unfished,KIN-2010-F2,35,backreef,141.4,132.8,109.5,60.58,72,0,0,0,0,0,0
100,ACANIG,10/31/10,Kingman,unfished,KIN-2010-F2,35,backreef,154.1,144.9,NA,79.34,101,0,0,0,0,0,0
101,ACANIG,10/31/10,Kingman,unfished,KIN-2010-F1,45,forereef,165.2,156.7,129.7,115,59,0,0,0,0,0,0
102,ACANIG,10/31/10,Kingman,unfished,KIN-2010-F1,45,forereef,169.1,159.5,130.1,127.74,19,0,0,0,1,0,0
103,ACANIG,10/31/10,Kingman,unfished,KIN-2010-F1,45,forereef,163.7,153.6,123,119.73,27,0,0,0,0,0,0
104,ACANIG,10/31/10,Kingman,unfished,KIN-2010-F1,45,forereef,166.6,159.2,129.8,126.12,24,0,0,0,0,0,0
105,ACANIG,10/31/10,Kingman,unfished,KIN-2010-F2,35,backreef,156.2,148.1,118.3,96.76,441,0,0,0,0,0,0
106,ACANIG,10/31/10,Kingman,unfished,KIN-2010-F2,35,backreef,202.5,198.3,171.9,111.13,123,0,0,0,0,0,0
107,ACANIG,10/31/10,Kingman,unfished,KIN-2010-F2,35,backreef,169.7,161.4,132.4,86.62,325,0,0,0,1,0,0
108,ACANIG,10/31/10,Kingman,unfished,KIN-2010-F2,35,backreef,147.5,142.7,117.9,74.68,105,0,0,0,1,0,0
109,ACANIG,10/31/10,Kingman,unfished,KIN-2010-F3,35,patchreef,157.5,150.4,122.4,93.51,274,0,1,0,0,0,0
110,ACANIG,10/31/10,Kingman,unfished,KIN-2010-F3,35,patchreef,160.8,149.4,119,98.84,102,0,0,0,0,0,0
111,ACANIG,11/05/10,Tabuaeran,fished,TAB-2010-F1,65,forereef,115,112,92,43,0,0,0,0,0,0,0
112,ACANIG,05/15/14,Kiritimati,fished,KIR-2010-30,35,forereef,206,194,163,202.85,1461,0,0,0,0,0,0
113,ACANIG,05/09/14,Kiritimati,fished,KIR-2010-30,39,forereef,188,176,148,197.87,742,9,0,0,2,0,0
114,ACANIG,05/09/14,Kiritimati,fished,KIR-2010-30,39,forereef,195,186,155,200.41,1937,1,0,0,2,0,0
115,ACANIG,05/09/14,Kiritimati,fished,KIR-2010-30,39,forereef,200,189,155,216.78,1252,3,0,0,0,0,0
116,ACANIG,05/09/14,Kiritimati,fished,KIR-2010-30,39,forereef,160,151,124,96.47,1066,9,0,0,0,0,0
117,ACANIG,05/17/14,Kiritimati,fished,KIR-2010-30,30,forereef,193,178,155,187.94,17,0,0,0,1,0,0
118,ACANIG,05/15/14,Kiritimati,fished,KIR-2010-30,35,forereef,199,187,155,161.03,988,0,0,0,1,0,0
119,ACANIG,05/15/14,Kiritimati,fished,KIR-2010-30,35,forereef,202,196,161,196.19,1183,3,0,0,0,0,0
120,ACANIG,05/15/14,Kiritimati,fished,KIR-2010-30,35,forereef,157,149,122,96.1,1469,3,0,0,0,0,0
121,ACANIG,05/15/14,Kiritimati,fished,KIR-2010-30,39,forereef,199,184,152,203.15,1552,7,0,0,3,0,0
122,ACANIG,05/15/14,Kiritimati,fished,KIR-2010-30,35,forereef,205,186,161,190.33,627,11,0,0,0,0,0
123,ACANIG,05/15/14,Kiritimati,fished,KIR-2010-30,35,forereef,191,172,144,177.38,613,14,0,0,0,0,0
124,ACANIG,05/15/14,Kiritimati,fished,KIR-2010-30,35,forereef,212,195,166,251.05,904,4,0,0,4,0,0
125,ACANIG,05/15/14,Kiritimati,fished,KIR-2010-30,35,forereef,162,151,129,103.54,223,1,0,0,0,0,0
126,ACANIG,05/15/14,Kiritimati,fished,KIR-2010-30,35,forereef,196,186,151,197.59,305,0,0,0,0,0,0
127,ACANIG,05/15/14,Kiritimati,fished,KIR-2010-30,35,forereef,202,196,162,201.61,1248,1,0,0,2,0,0
128,ACANIG,05/15/14,Kiritimati,fished,KIR-2010-30,35,forereef,206,194,163,217.99,356,2,0,0,1,0,0
129,ACANIG,05/15/14,Kiritimati,fished,KIR-2010-30,35,forereef,158,150,122,94.33,671,2,0,0,0,0,0
130,ACANIG,05/15/14,Kiritimati,fished,KIR-2010-30,35,forereef,161,148,121,95.91,501,0,0,0,1,0,0
131,ACANIG,05/13/14,Kiritimati,fished,KIR-2010-30,35,forereef,161,151,126,96.81,461,2,0,0,0,0,0
132,ACANIG,05/13/14,Kiritimati,fished,KIR-2010-30,35,forereef,163,153,124,96.45,292,2,0,0,0,0,0
133,ACANIG,05/13/14,Kiritimati,fished,KIR-2010-30,35,forereef,202,193,160,188.2,605,2,0,0,0,0,0
134,ACANIG,05/13/14,Kiritimati,fished,KIR-2010-30,35,forereef,194,178,150,177.9,1189,0,0,0,1,0,0
135,ACANIG,05/13/14,Kiritimati,fished,KIR-2010-30,35,forereef,206,190,164,232.25,1238,0,0,0,0,0,0
136,CEPURO,11/12/10,Jarvis,Unfished,JAR-2010-F1,45,forereef,175,,150,77.89,58,0,5,0,0,5,0
137,CEPURO,11/12/10,Jarvis,Unfished,JAR-2010-F1,45,forereef,206,,170,141,389,0,0,0,7,0,0
138,CEPURO,11/12/10,Jarvis,Unfished,JAR-2010-F1,45,forereef,201,,172,147,318,0,1,0,0,0,0
139,CEPURO,11/12/10,Jarvis,Unfished,JAR-2010-F1,45,forereef,145,,121,50.23,50,0,1,0,1,0,0
140,CEPURO,11/12/10,Jarvis,Unfished,JAR-2010-F1,45,forereef,137,,110,49.45,2,0,1,0,0,1,0
141,CEPURO,11/12/10,Jarvis,Unfished,JAR-2010-F1,45,forereef,165,,138,72.63,46,0,0,0,13,0,0
142,CEPURO,11/13/10,Jarvis,Unfished,JAR-2010-F2,50,forereef,131,,109,41.29,13,0,0,0,0,0,0
143,CEPURO,11/13/10,Jarvis,Unfished,JAR-2010-F2,50,forereef,135,,113,41.02,75,0,0,0,23,0,0
144,CEPURO,11/13/10,Jarvis,Unfished,JAR-2010-F2,50,forereef,147,,122,50.96,124,0,0,0,1,0,1
145,CEPURO,11/13/10,Jarvis,Unfished,JAR-2010-F2,50,forereef,154,,125,63.65,113,0,0,0,0,0,2
146,CEPURO,11/13/10,Jarvis,Unfished,JAR-2010-F2,50,forereef,130,,105,37.36,5,0,0,0,3,0,0
147,CEPURO,11/13/10,Jarvis,Unfished,JAR-2010-F2,50,forereef,125,,104,NA,45,0,0,0,0,0,0
148,CEPURO,11/13/10,Jarvis,Unfished,JAR-2010-F2,50,forereef,146,,116,53.82,215,0,0,0,30,0,3
149,CEPURO,11/13/10,Jarvis,Unfished,JAR-2010-F2,50,forereef,114,,103,31.78,38,0,0,0,3,0,0
150,CEPURO,11/13/10,Jarvis,Unfished,JAR-2010-F2,50,forereef,123,,102,39.97,110,0,0,0,1,0,1
151,CEPURO,11/13/10,Jarvis,Unfished,JAR-2010-F2,50,forereef,170,,140,80,301,0,0,0,55,0,0
152,CEPURO,11/13/10,Jarvis,Unfished,JAR-2010-F2,50,forereef,132,,112,38.69,54,0,0,0,18,0,0
153,CEPURO,11/13/10,Jarvis,Unfished,JAR-2010-F2,50,forereef,154,,130,58.31,321,0,0,0,16,0,0
154,CEPURO,11/13/10,Jarvis,Unfished,JAR-2010-F2,50,forereef,145,,116,45.32,124,0,0,0,8,0,0
155,CEPURO,11/13/10,Jarvis,Unfished,JAR-2010-F2,50,forereef,148,,124,53.71,29,0,0,0,21,0,0
156,CEPURO,11/13/10,Jarvis,Unfished,JAR-2010-F2,50,forereef,118,,100,30.8,51,0,0,0,0,0,0
157,CEPURO,11/13/10,Jarvis,Unfished,JAR-2010-F2,50,forereef,130,,107,34.17,12,0,0,0,6,0,0
158,CEPURO,11/13/10,Jarvis,Unfished,JAR-2010-F2,50,forereef,208,,164,121.61,530,0,1,0,0,7,0
159,CEPURO,11/13/10,Jarvis,Unfished,JAR-2010-F3,25,forereef,200,,164,138.87,128,0,2,0,0,1,0
160,CEPURO,11/13/10,Jarvis,Unfished,JAR-2010-F3,25,forereef,215,,179,157.21,430,0,4,0,6,0,0
161,CEPURO,11/13/10,Jarvis,Unfished,JAR-2010-F3,25,forereef,195,,165,135.61,78,0,4,0,0,2,0
162,CEPURO,11/13/10,Jarvis,Unfished,JAR-2010-F3,25,forereef,185,,155,111.11,9,0,1,0,0,0,0
163,CEPURO,11/13/10,Jarvis,Unfished,JAR-2010-F3,25,forereef,210,,176,122.67,333,0,1,0,7,1,0
164,CEPURO,11/13/10,Jarvis,Unfished,JAR-2010-F3,25,forereef,214,,175,176.66,280,0,4,0,11,5,0
165,CEPURO,10/31/10,Kingman,Unfished,KIN-2010-F2,35,backreef,172.3,,137.7,90.99,163,0,1,0,10,0,0
166,CEPURO,11/03/10,Kingman,Unfished,KIN-2010-F4,60,backreef,199.2,,162.3,149.49,138,0,0,0,11,0,0
167,CEPURO,11/03/10,Kingman,Unfished,KIN-2010-F4,60,backreef,188.9,,153.9,140.2,99,0,7,0,23,0,0
168,CEPURO,11/03/10,Kingman,Unfished,KIN-2010-F4,60,backreef,230,,188.2,178.14,130,0,12,0,5,0,0
169,CEPURO,11/03/10,Kingman,Unfished,KIN-2010-F4,60,backreef,185.4,,156.3,106.2,40,0,0,0,14,0,0
170,CEPURO,11/02/10,Kingman,Unfished,KIN-2010-F4,60,backreef,175.2,,146.9,91,92,0,1,0,14,0,0
171,CEPURO,11/02/10,Kingman,Unfished,KIN-2010-F4,60,backreef,198.2,,159.5,134.21,47,0,7,0,4,0,0
172,CEPURO,11/02/10,Kingman,Unfished,KIN-2010-F4,60,backreef,206.4,,165.7,153.61,60,0,4,0,11,0,0
173,CEPURO,11/02/10,Kingman,Unfished,KIN-2010-F4,60,backreef,201.9,,165.8,130.53,9,0,4,0,6,0,0
174,CEPURO,11/02/10,Kingman,Unfished,KIN-2010-F5,60,forereef,194.2,,160.8,124.76,3,0,0,0,0,0,0
175,CEPURO,11/02/10,Kingman,Unfished,KIN-2010-F5,60,forereef,152.1,,127.9,57.79,17,0,2,0,0,0,2
176,CEPURO,11/19/10,Kiritimati,Fished,KIR-2010-F1,35,forereef,196,,158,109.67,12,0,55,0,0,0,0
177,CEPURO,10/26/10,Palmyra,Unfished,Penguin Spit,15,backreef,177.2,,146.3,82.61,90,0,2,0,1,1,0
178,CEPURO,10/26/10,Palmyra,Unfished,Penguin Spit,15,backreef,170.9,,138,88.83,37,0,0,0,0,0,0
179,CEPURO,10/26/10,Palmyra,Unfished,Penguin Spit,15,backreef,182.4,,149.6,107.51,46,0,5,0,7,0,0
180,CEPURO,10/25/10,Palmyra,Unfished,Penguin Spit Channel,15,backreef,150.9,,125.8,52.53,36,0,7,0,2,0,0
181,CEPURO,10/25/10,Palmyra,Unfished,Penguin Spit Channel,15,backreef,159.1,,131.5,64.1,61,0,5,0,1,0,0
182,CEPURO,10/25/10,Palmyra,Unfished,Penguin Spit Channel,15,backreef,159.8,,137.3,71.54,28,0,14,0,1,0,0
183,CEPURO,10/26/10,Palmyra,Unfished,Penguin Spit Channel,15,backreef,177.4,,153.7,82.08,1047,0,1,0,32,0,0
184,CEPURO,10/26/10,Palmyra,Unfished,Penguin Spit Channel,15,backreef,170.3,,167.7,78.78,426,0,6,0,29,0,0
185,CEPURO,10/26/10,Palmyra,Unfished,Penguin Spit Channel,15,backreef,177.2,,150,84.44,790,0,0,0,18,0,0
186,CEPURO,10/26/10,Palmyra,Unfished,Penguin Spit Channel,15,backreef,177.2,,150.5,93.41,605,0,4,0,109,0,0
187,CEPURO,10/26/10,Palmyra,Unfished,Penguin Spit Channel,15,backreef,161.3,,135.5,77.74,432,0,2,0,19,0,0
188,CEPURO,10/25/10,Palmyra,Unfished,Penguin Spit Channel,15,backreef,177.8,,156.4,89.31,40,0,14,0,2,0,0
189,CEPURO,10/25/10,Palmyra,Unfished,Penguin Spit Channel,15,backreef,193.6,,162.9,104.8,89,0,8,0,0,0,0
190,CEPURO,10/25/10,Palmyra,Unfished,Penguin Spit Channel,15,backreef,110,,96.9,21.43,7,0,2,0,1,0,0
191,CEPURO,10/25/10,Palmyra,Unfished,Penguin Spit Channel,15,backreef,181.3,,155.1,98.22,39,0,19,0,7,0,0
192,CEPURO,10/25/10,Palmyra,Unfished,Penguin Spit Channel,15,backreef,131.9,,110.1,44.21,28,0,5,0,0,0,0
193,CEPURO,10/25/10,Palmyra,Unfished,Penguin Spit Channel,15,backreef,165.1,,141.7,70.11,106,0,3,0,0,0,0
194,CEPURO,10/26/10,Palmyra,Unfished,Penguin Spit Channel,15,backreef,155.1,,136.5,52.69,35,0,2,0,4,0,0
195,CEPURO,10/26/10,Palmyra,Unfished,Penguin Spit Channel,15,backreef,152.7,,130,56.69,55,0,0,0,0,NA,NA
196,CEPURO,10/26/10,Palmyra,Unfished,Penguin Spit Channel,15,backreef,165.9,,144.8,71.08,15,0,13,0,1,0,0
197,CEPURO,10/26/10,Palmyra,Unfished,Penguin Spit Channel,15,backreef,172.4,,148.1,78.25,16,0,2,0,1,0,0
198,CEPURO,10/26/10,Palmyra,Unfished,Penguin Spit Channel,15,backreef,144.3,,126.6,51.79,12,0,3,0,0,0,0
199,CEPURO,10/26/10,Palmyra,Unfished,Penguin Spit Channel,15,backreef,175.1,,154.2,92.72,28,0,12,0,3,1,0
200,CEPURO,10/25/10,Palmyra,Unfished,Penguin Spit Channel,15,backreef,178.3,,154.9,103.26,26,0,10,0,4,0,0
201,CEPURO,10/25/10,Palmyra,Unfished,Penguin Spit Channel,15,backreef,150.6,,127.8,56.38,17,0,10,0,22,0,0
202,CEPURO,10/25/10,Palmyra,Unfished,Penguin Spit Channel,15,backreef,176.5,,151.7,85.9,89,0,2,0,0,0,0
203,CEPURO,10/25/10,Palmyra,Unfished,Penguin Spit Channel,15,backreef,171.2,,145.4,81.97,45,0,31,0,1,0,0
204,CEPURO,10/25/10,Palmyra,Unfished,Penguin Spit Channel,15,backreef,144.6,,119.2,54.57,19,0,3,0,0,0,0
205,CEPURO,10/25/10,Palmyra,Unfished,Penguin Spit Channel,15,backreef,163.2,,138.5,71.22,33,0,15,0,0,0,0
206,CEPURO,10/25/10,Palmyra,Unfished,Penguin Spit Channel,15,backreef,181.9,,154.5,106.57,66,0,3,0,1,0,0
207,CEPURO,10/25/10,Palmyra,Unfished,Penguin Spit Channel,15,backreef,186.8,,163.2,118.52,85,0,24,0,0,0,0
208,CEPURO,10/25/10,Palmyra,Unfished,Penguin Spit Channel,15,backreef,188.1,,161.4,85.53,84,0,12,0,0,0,0
209,CEPURO,10/26/10,Palmyra,Unfished,Penguin Spit Channel,15,backreef,161.8,,132.4,68.52,41,0,5,0,0,0,0
210,CEPURO,11/05/10,Tabuaeran,Fished,TAB-2010-F1,65,forereef,137.4,,112.2,39.46,3,0,6,0,18,0,0
211,CEPURO,11/05/10,Tabuaeran,Fished,TAB-2010-F1,65,forereef,171,,139,81.54,21,0,16,0,1,0,0
212,CEPURO,11/05/10,Tabuaeran,Fished,TAB-2010-F1,65,forereef,161.2,,131.5,64.83,4,0,17,0,0,0,0
213,CEPURO,11/05/10,Tabuaeran,Fished,TAB-2010-F1,65,forereef,197.4,,162.2,122.14,9,0,16,0,1,1,0
214,CEPURO,11/05/10,Tabuaeran,Fished,TAB-2010-F1,65,forereef,164,,137,70.58,1,0,21,0,7,0,0
215,CEPURO,11/05/10,Tabuaeran,Fished,TAB-2010-F1,65,forereef,192,,157,113.82,2,0,32,0,2,0,0
216,CEPURO,11/05/10,Tabuaeran,Fished,TAB-2010-F1,65,forereef,156,,129,52.19,4,0,8,0,0,0,0
217,CEPURO,11/05/10,Tabuaeran,Fished,TAB-2010-F1,65,forereef,174,,143,68.06,6,0,20,0,0,0,0
218,CEPURO,11/05/10,Tabuaeran,Fished,TAB-2010-F1,65,forereef,175,,145,79.48,8,0,3,0,5,0,0
219,CEPURO,11/05/10,Tabuaeran,Fished,TAB-2010-F1,65,forereef,165,,137,68.41,18,0,2,0,1,0,0
220,CEPURO,11/05/10,Tabuaeran,Fished,TAB-2010-F1,65,forereef,156,,129,60.32,4,0,18,0,0,0,0
221,CEPURO,11/05/10,Tabuaeran,Fished,TAB-2010-F1,65,forereef,189,,157,99.47,4,0,19,0,1,0,0
222,CEPURO,11/05/10,Tabuaeran,Fished,TAB-2010-F1,65,forereef,195,,165,108.25,18,0,17,0,1,0,0
223,CEPURO,11/05/10,Tabuaeran,Fished,TAB-2010-F1,65,forereef,184,,152,91.82,6,0,20,0,2,0,0
224,CEPURO,11/05/10,Tabuaeran,Fished,TAB-2010-F1,65,forereef,182,,150,88.74,12,0,2,0,8,0,0
225,CEPURO,11/05/10,Tabuaeran,Fished,TAB-2010-F1,65,forereef,194,,156,110.59,0,0,17,0,2,0,0
226,CEPURO,11/05/10,Tabuaeran,Fished,TAB-2010-F1,65,forereef,176,,143,84.44,16,0,19,0,1,0,0
227,CEPURO,11/06/10,Tabuaeran,Fished,TAB-2010-F2,55,forereef,176,,144,93,7,0,98,0,1,0,0
228,CEPURO,11/06/10,Tabuaeran,Fished,TAB-2010-F2,55,forereef,144,,119,54.04,3,0,27,0,15,0,0
229,CEPURO,11/06/10,Tabuaeran,Fished,TAB-2010-F2,55,forereef,169,,142.5,81,2,0,3,0,4,1,0
230,CEPURO,11/07/10,Tabuaeran,Fished,TAB-2010-F4,65,forereef,206,,177,141,5,0,62,0,7,0,0
231,CEPURO,11/07/10,Tabuaeran,Fished,TAB-2010-F4,65,forereef,195,,158,111,13,0,19,0,4,0,0
232,CEPURO,11/07/10,Tabuaeran,Fished,TAB-2010-F4,65,forereef,179,,144,89.1,27,0,27,0,1,0,0
233,CEPURO,11/07/10,Tabuaeran,Fished,TAB-2010-F4,65,forereef,173,,140,76,0,0,11,0,3,0,0
234,CEPURO,11/07/10,Tabuaeran,Fished,TAB-2010-F4,65,forereef,175,,142,80.2,12,0,67,0,2,0,0
235,CEPURO,11/07/10,Tabuaeran,Fished,TAB-2010-F4,65,forereef,174,,143,80,4,0,20,0,1,0,0
236,CEPURO,11/07/10,Tabuaeran,Fished,TAB-2010-F4,65,forereef,158,,131,69,0,0,11,0,1,0,0
237,CEPURO,11/07/10,Tabuaeran,Fished,TAB-2010-F4,65,forereef,142,,118,49,5,0,10,0,0,0,0
238,CEPURO,11/07/10,Tabuaeran,Fished,TAB-2010-F4,65,forereef,133,,106,36.72,3,0,2,0,0,0,0
239,CEPURO,11/07/10,Tabuaeran,Fished,TAB-2010-F4,65,forereef,110,,92,20.43,3,0,14,0,0,1,0
240,CEPURO,11/08/10,Teraina,Fished,TER-2010-F1,60,forereef,138,,115,43.43,7,0,0,0,0,0,0
241,CEPURO,11/08/10,Teraina,Fished,TER-2010-F1,60,forereef,131,,109,33.35,8,0,0,0,0,0,0
242,CEPURO,11/08/10,Teraina,Fished,TER-2010-F1,60,forereef,140,,115,49.03,11,0,1,0,0,0,0
243,CEPURO,11/08/10,Teraina,Fished,TER-2010-F1,60,forereef,150,,120,NA,7,0,5,0,2,1,0
244,CEPURO,11/08/10,Teraina,Fished,TER-2010-F1,60,forereef,154,,125,62.99,30,0,5,0,3,1,0
245,CEPURO,11/08/10,Teraina,Fished,TER-2010-F1,60,forereef,154,,130,65.9,24,0,1,0,1,7,0
246,CEPURO,11/08/10,Teraina,Fished,TER-2010-F1,60,forereef,176,,144,101.96,110,0,5,0,3,1,0
247,CEPURO,11/08/10,Teraina,Fished,TER-2010-F1,60,forereef,143,,119,46.34,9,0,9,0,4,6,0
248,CEPURO,11/08/10,Teraina,Fished,TER-2010-F1,60,forereef,148,,120,51.35,32,0,2,0,2,0,0
249,CEPURO,11/08/10,Teraina,Fished,TER-2010-F1,60,forereef,165,,137,67.46,8,0,1,0,1,0,0
250,CEPURO,11/08/10,Teraina,Fished,TER-2010-F1,60,forereef,139,,114,41.05,13,0,3,0,3,1,0
251,CEPURO,11/08/10,Teraina,Fished,TER-2010-F1,60,forereef,179,,149,91.43,44,0,0,0,0,0,0
252,CEPURO,11/08/10,Teraina,Fished,TER-2010-F1,60,forereef,142,,117,46.75,4,0,1,0,9,1,0
253,CEPURO,11/08/10,Teraina,Fished,TER-2010-F1,60,forereef,160,,135,66.77,4,0,0,0,2,0,0
254,CEPURO,11/08/10,Teraina,Fished,TER-2010-F1,60,forereef,135,,111,39.11,11,0,4,0,1,0,0
255,CEPURO,11/08/10,Teraina,Fished,TER-2010-F1,60,forereef,169,,139,73.98,5,0,2,0,0,0,0
256,CEPURO,11/08/10,Teraina,Fished,TER-2010-F1,60,forereef,173,,145,75.95,65,0,7,0,2,12,0
257,CEPURO,11/08/10,Teraina,Fished,TER-2010-F1,60,forereef,186,,155,109.25,28,0,2,0,0,3,0
258,CEPURO,11/08/10,Teraina,Fished,TER-2010-F1,60,forereef,142,,114,46.07,21,0,3,0,0,0,0
259,CEPURO,11/08/10,Teraina,Fished,TER-2010-F1,60,forereef,155,,127,57.5,9,0,0,0,3,1,0
260,CEPURO,11/10/10,Teraina,Fished,TER-2010-F7,35,forereef,209,,175,106.45,154,0,6,0,10,3,0
261,CEPURO,11/10/10,Teraina,Fished,TER-2010-F7,35,forereef,194,,166,98.68,13,0,2,0,1,1,0
262,CEPURO,11/10/10,Teraina,Fished,TER-2010-F7,35,forereef,187,,155,102.81,50,0,2,0,0,2,0
263,CEPURO,11/10/10,Teraina,Fished,TER-2010-F7,35,forereef,169,,137,65.46,25,0,9,0,0,3,0
264,CEPURO,11/10/10,Teraina,Fished,TER-2010-F7,35,forereef,160,,135,59.24,7,0,9,0,1,1,0
265,CEPURO,11/10/10,Teraina,Fished,TER-2010-F7,35,forereef,160,,133,68.61,6,0,7,0,1,2,0
266,CEPURO,07/17/09,Kiritimati,Fished,KIR-2009-46,33,forereef,129.7,,106.6,36.93,39,0,11,0,3,0,0
267,CEPURO,07/17/09,Kiritimati,Fished,KIR-2009-46,33,forereef,158.7,,129.5,62.86,81,0,325,0,1,0,0
268,CEPURO,07/17/09,Kiritimati,Fished,KIR-2009-46,33,forereef,146.3,,120.3,47.76,262,0,470,0,1,0,0
269,CEPURO,07/17/09,Kiritimati,Fished,KIR-2009-46,33,forereef,168.8,,147.4,75.66,123,0,110,0,0,1,0
270,CEPURO,07/17/09,Kiritimati,Fished,KIR-2009-46,33,forereef,170.3,,141.5,96.86,141,0,156,0,18,0,0
271,CEPURO,07/17/09,Kiritimati,Fished,KIR-2009-43,33,forereef,173.4,,141.4,104.61,90,0,72,0,18,0,0
272,CEPURO,07/17/09,Kiritimati,Fished,KIR-2009-43,33,forereef,145,,121.4,54.33,55,0,55,0,0,0,0
273,CEPURO,07/17/09,Kiritimati,Fished,KIR-2009-44,33,forereef,199.6,,155.7,134.56,62,0,29,0,3,0,0
274,CEPURO,07/17/09,Kiritimati,Fished,KIR-2009-44,33,forereef,203,,168.3,120.6,242,0,1,0,2,0,0
275,CEPURO,07/21/09,Kiritimati,Fished,KIR-2009-63,33,forereef,150.6,,131.3,55.73,36,0,21,0,6,0,0
276,CEPURO,07/21/09,Kiritimati,Fished,KIR-2009-63,33,forereef,129.1,,109.7,40.59,27,0,16,0,0,1,0
277,CEPURO,07/21/09,Kiritimati,Fished,KIR-2009-63,33,forereef,131.5,,110.3,41.59,40,0,10,0,0,0,0
278,CEPURO,07/23/09,Kiritimati,Fished,KIR-2009-T19,33,forereef,178.5,,152.2,100.49,61,0,4,0,2,0,0
279,CEPURO,07/23/09,Kiritimati,Fished,KIR-2009-T19,33,forereef,177.4,,152.4,102.48,297,0,77,0,1,0,0
280,CEPURO,07/23/09,Kiritimati,Fished,KIR-2009-T19,33,forereef,160,,138,63.87,73,0,25,0,1,3,0
281,CEPURO,07/23/09,Kiritimati,Fished,KIR-2009-T19,33,forereef,175.2,,146.6,87.02,108,0,129,0,0,1,0
282,CEPURO,,Kiritimati,Fished,KIR-2010-F1,35,forereef,138.7,,111.3,45.58,3,0,8,0,0,0,0
283,CEPURO,11/19/10,Kiritimati,Fished,KIR-2010-F1,35,forereef,116.8,,96.1,27.06,4,0,29,0,0,0,0
284,CEPURO,,Kiritimati,Fished,KIR-2010-F1,35,forereef,149.9,,121.7,54.34,0,0,22,0,0,0,0
285,CEPURO,07/02/05,Kiritimati,Fished,KIR-2010-F1,35,forereef,198.4,,162.1,142.92,56,0,1,1,0,0,0
286,CEPURO,,Kiritimati,Fished,KIR-2010-F1,35,forereef,178.1,,149.4,114.68,2,0,18,0,0,0,0
287,CEPURO,,Kiritimati,Fished,KIR-2010-F1,35,forereef,188.2,,154.7,118.92,41,0,6,0,0,0,0
288,CEPURO,,Kiritimati,Fished,KIR-2010-F1,35,forereef,187.5,,157,122.78,2,0,0,0,0,0,0
289,CEPURO,,Kiritimati,Fished,KIR-2010-F1,35,forereef,154.7,,122.9,63.89,36,0,3,0,0,0,0
290,CEPURO,,Kiritimati,Fished,KIR-2010-F1,35,forereef,149.9,,121.9,59.42,7,0,14,0,0,0,0
291,CEPURO,,Kiritimati,Fished,KIR-2010-F1,35,forereef,193,,160,130.82,17,0,18,0,0,0,0
292,CEPURO,,Kiritimati,Fished,KIR-2010-F1,35,forereef,200.4,,165.1,154.6,243,0,51,0,0,0,0
293,CEPURO,,Kiritimati,Fished,KIR-2010-F1,35,forereef,164.9,,136.1,87.33,50,0,16,0,0,0,0
294,CEPURO,,Kiritimati,Fished,KIR-2010-F1,35,forereef,164.6,,131.6,82.41,73,0,18,0,1,0,0
295,CEPURO,,Kiritimati,Fished,KIR-2010-F1,35,forereef,149.3,,123,59.95,3,0,5,0,0,0,0
296,CEPURO,,Kiritimati,Fished,KIR-2010-F1,35,forereef,144.5,,116.3,NA,3,0,7,0,0,0,0
297,CEPURO,,Kiritimati,Fished,KIR-2010-F1,35,forereef,172.9,,141,NA,2,0,26,0,2,0,0
298,CHRMAR,11/12/10,Jarvis,Unfished,JAR-2010-F1,45,forereef,59.7,52.6,43.9,4.64,0,0,0,0,0,0,0
299,CHRMAR,11/12/10,Jarvis,Unfished,JAR-2010-F1,45,forereef,58.7,48.7,41.4,3.92,0,0,1,0,0,0,0
300,CHRMAR,11/12/10,Jarvis,Unfished,JAR-2010-F1,45,forereef,52.8,45.7,35.5,2.17,0,0,0,0,0,0,0
301,CHRMAR,11/12/10,Jarvis,Unfished,JAR-2010-F1,45,forereef,50.5,45.5,35.8,2.47,1,0,0,0,0,0,0
302,CHRMAR,11/12/10,Jarvis,Unfished,JAR-2010-F1,45,forereef,48.3,44.1,37,2.46,0,0,0,0,0,0,0
303,CHRMAR,11/12/10,Jarvis,Unfished,JAR-2010-F1,45,forereef,46.3,41.8,35,1.68,0,0,0,0,0,0,0
304,CHRMAR,11/12/10,Jarvis,Unfished,JAR-2010-F1,45,forereef,53.5,48.4,38.7,2.82,0,0,1,0,0,0,0
305,CHRMAR,11/12/10,Jarvis,Unfished,JAR-2010-F1,45,forereef,47,49.8,33.1,1.58,0,1,0,0,0,0,0
306,CHRMAR,11/13/10,Jarvis,Unfished,JAR-2010-F2,50,forereef,79.1,66.1,54.7,9.48,0,0,0,0,0,0,0
307,CHRMAR,11/13/10,Jarvis,Unfished,JAR-2010-F3,25,forereef,59.8,53.8,45.2,4.91,0,0,0,0,0,0,0
308,CHRMAR,11/13/10,Jarvis,Unfished,JAR-2010-F3,25,forereef,53.6,47.1,39.9,3.15,0,0,0,0,0,0,0
309,CHRMAR,11/13/10,Jarvis,Unfished,JAR-2010-F3,25,forereef,52.7,46.4,38.1,NA,0,0,0,0,0,0,0
310,CHRMAR,11/13/10,Jarvis,Unfished,JAR-2010-F3,25,forereef,46.1,39.3,31.9,1.55,0,0,0,0,0,0,0
311,CHRMAR,11/13/10,Jarvis,Unfished,JAR-2010-F3,25,forereef,55.1,49.4,40.2,3.539,0,0,0,0,0,0,0
312,CHRMAR,11/13/10,Jarvis,Unfished,JAR-2010-F3,25,forereef,66.2,59.5,46.7,5.235,0,0,0,0,0,0,0
313,CHRMAR,11/13/10,Jarvis,Unfished,JAR-2010-F3,25,forereef,65.5,59.5,46.6,5.791,0,0,0,0,0,0,0
314,CHRMAR,11/13/10,Jarvis,Unfished,JAR-2010-F3,25,forereef,66.8,56.6,47,5.84,0,0,0,0,0,0,0
315,CHRMAR,11/13/10,Jarvis,Unfished,JAR-2010-F3,25,forereef,63.1,56,47.6,5.52,1,0,0,0,0,0,0
316,CHRMAR,11/13/10,Jarvis,Unfished,JAR-2010-F3,25,forereef,51.6,46.3,37.6,2.56,0,0,0,0,0,0,0
317,CHRMAR,11/13/10,Jarvis,Unfished,JAR-2010-F3,25,forereef,45.6,41.7,33,1.79,0,1,0,0,0,0,0
318,CHRMAR,11/13/10,Jarvis,Unfished,JAR-2010-F3,25,forereef,51.3,46.2,37,2.05,0,0,0,0,0,0,0
319,CHRMAR,11/13/10,Jarvis,Unfished,JAR-2010-F3,25,forereef,43.7,41.6,34.1,1.84,0,0,1,0,0,0,0
320,CHRMAR,11/14/10,Jarvis,Unfished,JAR-2010-F7,35,forereef,69,59.5,46.3,5.15,0,0,0,0,0,0,0
321,CHRMAR,11/14/10,Jarvis,Unfished,JAR-2010-F7,35,forereef,58,51.9,41.1,3.46,0,0,0,0,0,0,0
322,CHRMAR,11/14/10,Jarvis,Unfished,JAR-2010-F7,35,forereef,50.7,45,36.5,2.16,0,0,1,0,0,0,0
323,CHRMAR,10/31/10,Kingman,Unfished,KIN-2010-F1,45,forereef,69.6,50.7,41.7,4.22,0,0,0,0,0,0,0
324,CHRMAR,10/31/10,Kingman,Unfished,KIN-2010-F2,35,backreef,63.4,53.6,43.8,3.82,0,0,5,0,0,0,0
325,CHRMAR,10/31/10,Kingman,Unfished,KIN-2010-F2,35,backreef,82.7,72,57.5,NA,0,0,0,0,0,0,0
326,CHRMAR,10/31/10,Kingman,Unfished,KIN-2010-F2,35,backreef,74.5,60,47.5,4.76,0,0,7,0,0,0,0
327,CHRMAR,10/31/10,Kingman,Unfished,KIN-2010-F2,35,backreef,66.8,56.5,45.5,4.47,1,0,8,0,0,0,0
328,CHRMAR,10/31/10,Kingman,Unfished,KIN-2010-F2,35,backreef,69.1,56.2,45.4,4.57,1,0,1,0,0,0,0
329,CHRMAR,10/31/10,Kingman,Unfished,KIN-2010-F2,35,backreef,77.6,62.9,50.8,NA,0,0,0,0,0,0,0
330,CHRMAR,10/31/10,Kingman,Unfished,KIN-2010-F2,35,backreef,81.6,67.1,53.1,8.45,1,0,0,0,0,0,0
331,CHRMAR,10/31/10,Kingman,Unfished,KIN-2010-F2,35,backreef,74.6,58.1,46.3,4.79,0,0,12,1,0,0,0
332,CHRMAR,11/01/10,Kingman,Unfished,KIN-2010-F3,35,patchreef,55.8,49.4,41.9,3.71,0,0,1,0,0,0,0
333,CHRMAR,11/01/10,Kingman,Unfished,KIN-2010-F3,35,patchreef,62.8,57.3,47.1,4.7,0,0,0,0,0,0,0
334,CHRMAR,11/02/10,Kingman,Unfished,KIN-2010-F4,60,backreef,54.2,49.8,41.1,3.05,0,0,0,0,0,0,0
335,CHRMAR,11/02/10,Kingman,Unfished,KIN-2010-F4,60,backreef,76.1,69.3,58.9,10.06,0,0,1,0,0,0,0
336,CHRMAR,11/02/10,Kingman,Unfished,KIN-2010-F4,60,backreef,59.4,54.4,45.9,4.27,0,0,0,0,0,0,0
337,CHRMAR,11/01/10,Kingman,Unfished,KIN-2010-F4,60,backreef,80.1,70.9,59.8,9.08,0,0,0,0,0,0,0
338,CHRMAR,11/02/10,Kingman,Unfished,KIN-2010-F4,60,backreef,59.8,54.5,47.3,4.19,0,0,1,0,0,0,0
339,CHRMAR,11/02/10,Kingman,Unfished,KIN-2010-F5,60,forereef,67.8,61.1,53.9,6.01,0,0,0,0,0,0,0
340,CHRMAR,11/02/10,Kingman,Unfished,KIN-2010-F5,60,forereef,65,58.9,53.2,5.45,1,0,0,0,0,0,0
341,CHRMAR,11/02/10,Kingman,Unfished,KIN-2010-F5,60,forereef,76.5,71.2,60.6,9.7,0,0,0,0,0,0,0
342,CHRMAR,11/02/10,Kingman,Unfished,KIN-2010-F5,60,forereef,90.4,67.8,51.4,10.12,0,0,0,0,0,0,0
343,CHRMAR,11/02/10,Kingman,Unfished,KIN-2010-F5,60,forereef,78.3,69.5,62.8,10.82,0,0,0,0,0,0,0
344,CHRMAR,11/02/10,Kingman,Unfished,KIN-2010-F5,60,forereef,65.6,60.8,57.7,7.51,0,0,0,0,0,0,0
345,CHRMAR,11/02/10,Kingman,Unfished,KIN-2010-F5,60,forereef,68.8,59.2,52.9,NA,0,0,0,0,0,0,0
346,CHRMAR,11/02/10,Kingman,Unfished,KIN-2010-F5,60,forereef,73.7,66.6,58.4,NA,0,0,0,0,0,0,0
347,CHRMAR,11/02/10,Kingman,Unfished,KIN-2010-F5,60,forereef,88.1,66.2,55.2,7.86,1,0,0,0,0,0,0
348,CHRMAR,11/19/10,Kiritimati,Fished,KIR-2010-F1,35,forereef,65.1,57.7,48.8,4.81,0,0,15,0,0,0,0
349,CHRMAR,11/19/10,Kiritimati,Fished,KIR-2010-F1,35,forereef,61.2,53.5,45.9,4.44,0,0,4,0,0,0,0
350,CHRMAR,11/19/10,Kiritimati,Fished,KIR-2010-F1,35,forereef,57.9,53.2,44.5,3.48,0,0,7,0,0,0,0
351,CHRMAR,11/19/10,Kiritimati,Fished,KIR-2010-F1,35,forereef,53.8,47.2,40,3.02,0,0,10,0,0,0,0
352,CHRMAR,11/19/10,Kiritimati,Fished,KIR-2010-F1,35,forereef,73.12241,65.1,53.1,6.47,1,0,1,0,0,0,0
353,CHRMAR,11/05/10,Tabuaeran,Fished,TAB-2010-F1,65,forereef,68.4,58.9,48.7,4.85,0,0,0,0,0,0,0
354,CHRMAR,11/05/10,Tabuaeran,Fished,TAB-2010-F1,65,forereef,79.5,61.6,50.6,5.704,0,0,0,0,0,0,0
355,CHRMAR,11/05/10,Tabuaeran,Fished,TAB-2010-F1,65,forereef,79.8,66.6,52.8,8.041,0,0,0,0,0,0,0
356,CHRMAR,11/05/10,Tabuaeran,Fished,TAB-2010-F1,65,forereef,76.6,60.5,49.9,5.932,0,0,0,0,0,0,0
357,CHRMAR,11/05/10,Tabuaeran,Fished,TAB-2010-F1,65,forereef,56.1,46.3,35.6,5.04,0,0,0,0,0,0,0
358,CHRMAR,11/05/10,Tabuaeran,Fished,TAB-2010-F1,65,forereef,91,77.5,62.5,14.61,0,0,0,0,0,0,0
359,CHRMAR,11/05/10,Tabuaeran,Fished,TAB-2010-F1,65,forereef,74.6,60.6,48.6,6.27,0,0,0,0,0,0,0
360,CHRMAR,11/05/10,Tabuaeran,Fished,TAB-2010-F1,65,forereef,60,52.6,44.7,3.54,0,0,0,0,0,0,0
361,CHRMAR,11/05/10,Tabuaeran,Fished,TAB-2010-F1,65,forereef,88.8,76.1,54.7,12,1,0,0,0,0,0,0
362,CHRMAR,11/05/10,Tabuaeran,Fished,TAB-2010-F1,65,forereef,85.2,76.4,65.7,11.775,0,0,0,0,0,0,0
363,CHRMAR,11/05/10,Tabuaeran,Fished,TAB-2010-F1,65,forereef,58.4,53,44.6,NA,0,0,0,0,0,0,0
364,CHRMAR,11/05/10,Tabuaeran,Fished,TAB-2010-F1,65,forereef,58.1,54.4,44.1,3.53,1,0,0,0,0,0,0
365,CHRMAR,11/05/10,Tabuaeran,Fished,TAB-2010-F1,65,forereef,90.7,71.1,58.6,10,0,0,0,0,0,0,0
366,CHRMAR,11/05/10,Tabuaeran,Fished,TAB-2010-F1,65,forereef,86.9,74.9,59.8,NA,0,0,0,0,0,0,0
367,CHRMAR,11/05/10,Tabuaeran,Fished,TAB-2010-F1,65,forereef,82.6,69.9,55.9,8.85,0,0,0,0,0,0,0
368,CHRMAR,11/05/10,Tabuaeran,Fished,TAB-2010-F1,65,forereef,83.6,69.9,57.4,8.23,0,0,0,0,0,0,0
369,CHRMAR,11/05/10,Tabuaeran,Fished,TAB-2010-F1,65,forereef,81.3,67.3,56.6,9.184,0,0,0,0,0,0,0
370,CHRMAR,11/05/10,Tabuaeran,Fished,TAB-2010-F1,65,forereef,86.8,67.1,56.4,10,0,0,0,0,0,0,0
371,CHRMAR,11/05/10,Tabuaeran,Fished,TAB-2010-F1,65,forereef,71.1,58.3,49,6,0,0,0,0,0,0,0
372,CHRMAR,11/05/10,Tabuaeran,Fished,TAB-2010-F1,65,forereef,75.29857,NA,54.7,NA,0,0,0,0,0,0,0
373,CHRMAR,11/05/10,Tabuaeran,Fished,TAB-2010-F1,65,forereef,90,74.5,59.5,11.16,0,0,0,0,0,0,0
374,CHRMAR,11/05/10,Tabuaeran,Fished,TAB-2010-F1,65,forereef,101.5,74.8,61.9,13.66,0,0,0,0,0,0,0
375,CHRMAR,11/05/10,Tabuaeran,Fished,TAB-2010-F1,65,forereef,81.7,64.1,53.2,7.76,0,0,0,0,0,0,0
376,CHRMAR,11/05/10,Tabuaeran,Fished,TAB-2010-F1,65,forereef,57.6,47.3,38.2,2.96,0,0,0,0,0,0,0
377,CHRMAR,11/08/10,Teraina,Fished,TER-2010-F1,60,forereef,59,53,45.6,3.6,2,0,0,0,0,0,0
378,CHRMAR,11/08/10,Teraina,Fished,TER-2010-F1,60,forereef,71,61.2,54.2,8.031,3,0,0,0,0,0,0
379,CHRMAR,11/08/10,Teraina,Fished,TER-2010-F1,60,forereef,70.1,64,54.6,8.06,3,0,0,0,0,0,0
380,CHRMAR,11/08/10,Teraina,Fished,TER-2010-F1,60,forereef,59.3,52.5,46.7,4.53,9,0,0,0,0,0,0
381,CHRMAR,11/08/10,Teraina,Fished,TER-2010-F1,60,forereef,69.5,62.9,56.5,8.57,0,0,0,0,0,0,0
382,CHRMAR,11/08/10,Teraina,Fished,TER-2010-F1,60,forereef,72.2,64,56,7.691,1,0,0,0,0,0,0
383,CHRMAR,11/08/10,Teraina,Fished,TER-2010-F1,60,forereef,74,65.4,56.5,8.56,0,0,0,0,0,0,0
384,CHRMAR,11/08/10,Teraina,Fished,TER-2010-F1,60,forereef,64.1,58.8,50.2,5.68,1,0,0,0,0,0,0
385,CHRMAR,11/08/10,Teraina,Fished,TER-2010-F1,60,forereef,62.6,50.6,45.9,4.49,0,0,0,0,0,0,0
386,CHRMAR,11/08/10,Teraina,Fished,TER-2010-F1,60,forereef,62.4,56.5,48,5.238,5,0,0,0,0,0,0
387,CHRMAR,11/08/10,Teraina,Fished,TER-2010-F1,60,forereef,69,61.5,53.4,7.144,4,0,0,0,0,0,0
388,CHRMAR,11/08/10,Teraina,Fished,TER-2010-F1,60,forereef,75,66.5,57.9,9.607,0,0,0,0,0,0,0
389,CHRMAR,11/08/10,Teraina,Fished,TER-2010-F1,60,forereef,74.5,64.4,56.1,8.02,2,0,0,0,0,0,0
390,CHRMAR,11/08/10,Teraina,Fished,TER-2010-F1,60,forereef,72.5,65.8,57.5,8.52,3,0,0,0,0,0,0
391,CHRMAR,11/08/10,Teraina,Fished,TER-2010-F1,60,forereef,76,65.8,57.2,8.3406,4,0,0,0,0,0,0
392,CHRMAR,11/08/10,Teraina,Fished,TER-2010-F1,60,forereef,63,52.8,48.8,5.95,4,0,0,0,0,0,0
393,CHRMAR,11/08/10,Teraina,Fished,TER-2010-F1,60,forereef,59.5,53.6,47.2,4.45,0,0,0,0,0,0,0
394,CHRMAR,11/08/10,Teraina,Fished,TER-2010-F1,60,forereef,60.5,52.9,46.1,4.52,2,0,0,0,0,0,0
395,CHRMAR,11/08/10,Teraina,Fished,TER-2010-F1,60,forereef,68,59.2,54.4,6,3,0,0,0,0,0,0
396,CHRMAR,11/08/10,Teraina,Fished,TER-2010-F1,60,forereef,67,58.5,50.6,5.98,1,0,0,0,0,0,0
397,CHRMAR,11/08/10,Teraina,Fished,TER-2010-F1,60,forereef,62.5,55.4,48.9,4.86,2,0,0,0,0,0,0
398,CHRMAR,11/08/10,Teraina,Fished,TER-2010-F1,60,forereef,71.6,63.5,54,7,2,0,0,0,0,0,0
399,CHRMAR,11/08/10,Teraina,Fished,TER-2010-F1,60,forereef,65.6,60.2,53.4,5.97,3,0,0,0,0,0,0
400,CHRMAR,11/08/10,Teraina,Fished,TER-2010-F1,60,forereef,75.4,67.6,58.5,8.53,7,0,0,0,0,0,0
401,CHRMAR,11/09/10,Teraina,Fished,TER-2010-F2,35,forereef,45.2,42.1,33,1.58,0,0,1,0,0,0,0
402,CHRMAR,07/27/11,Kiritimati,Fished,KIR-2010-27,23,forereef,60.6,49.4,44.27,3.69,0,0,0,1,0,0,0
403,CHRMAR,07/16/11,Kiritimati,Fished,KIR-2010-27,33,forereef,66.17,55.3,48.23,5.47,0,0,0,0,0,0,0
404,CHRMAR,07/22/11,Kiritimati,Fished,KIR-2010-30,36,forereef,55.68,46.86,40.84,2.89,1,0,0,0,0,0,0
405,CHRMAR,07/22/11,Kiritimati,Fished,KIR-2010-30,36,forereef,61.93,53.47,46.76,4.17,1,0,0,0,0,0,0
406,CHRMAR,07/22/11,Kiritimati,Fished,KIR-2010-30,36,forereef,59.8029507,NA,43.31,4.39,0,0,0,0,0,0,0
407,CHRMAR,07/22/11,Kiritimati,Fished,KIR-2010-30,36,forereef,51.05,42.6,38.48,2.56,1,0,2,0,0,0,0
408,CHRMAR,07/22/11,Kiritimati,Fished,KIR-2010-30,36,forereef,58.67,48.56,43.41,3.92,0,0,0,0,0,0,0
409,CHRMAR,07/22/11,Kiritimati,Fished,KIR-2010-30,36,forereef,64.47,54.76,50.04,4.09,1,0,0,0,0,0,0
410,CHRMAR,07/22/11,Kiritimati,Fished,KIR-2010-30,36,forereef,62.22,NA,45.09,3.98,0,0,0,0,0,0,0
411,CHRMAR,07/22/11,Kiritimati,Fished,KIR-2010-30,36,forereef,51.51,45.64,40.28,3.01,0,0,0,0,0,0,0
412,CHRMAR,07/22/11,Kiritimati,Fished,KIR-2010-30,36,forereef,49.72,NA,35.89,1.79,0,0,0,0,0,0,0
413,CHRMAR,07/22/11,Kiritimati,Fished,KIR-2010-30,36,forereef,54.72,NA,39.57,2.47,0,0,0,0,0,0,0
414,CHRMAR,07/10/11,Kiritimati,Fished,KIR-2010-30,33,forereef,59.41,50.57,45.21,4.15,0,0,1,0,0,0,0
415,CHRMAR,07/10/11,Kiritimati,Fished,KIR-2010-30,33,forereef,61.65,52.55,46.84,4.32,1,0,2,0,0,0,0
416,CHRMAR,07/10/11,Kiritimati,Fished,KIR-2010-30,33,forereef,59,52.63,46.33,4.09,0,0,1,0,0,0,0
417,CHRMAR,07/10/11,Kiritimati,Fished,KIR-2010-30,33,forereef,65.02,NA,47.14,4.62,0,0,4,0,0,0,0
418,CHRMAR,07/10/11,Kiritimati,Fished,KIR-2010-30,33,forereef,60.8,NA,44.04,3.63,6,0,0,0,0,0,0
419,CHRMAR,07/10/11,Kiritimati,Fished,KIR-2010-30,33,forereef,58.83,50.93,45.31,4.27,0,0,0,0,0,0,0
420,CHRMAR,07/10/11,Kiritimati,Fished,KIR-2010-30,33,forereef,51.36,43.71,38.56,2.28,2,0,0,0,0,0,0
421,CHRMAR,07/10/11,Kiritimati,Fished,KIR-2010-30,33,forereef,62.91,NA,45.59,4.22,0,0,0,0,0,0,0
422,STEAUR,10/25/10,Palmyra,Unfished,Penguin Spit Channel,15,backreef,92.069,77.2,71.1,11.4,2,0,0,0,0,0,0
423,STEAUR,10/25/10,Palmyra,Unfished,Penguin Spit Channel,15,backreef,81.71,75.5,67.8,12.35,2,0,0,0,0,0,0
424,STEAUR,10/25/10,Palmyra,Unfished,Penguin Spit Channel,15,backreef,77.89,70.6,63.5,11.18,0,0,0,0,0,0,0
425,STEAUR,10/25/10,Palmyra,Unfished,Penguin Spit Channel,15,backreef,83.93,75.1,66.9,13.85,0,0,0,0,0,0,0
426,STEAUR,10/25/10,Palmyra,Unfished,Penguin Spit Channel,15,backreef,89.95,81.5,71.9,15,0,0,0,0,0,0,0
427,STEAUR,10/25/10,Palmyra,Unfished,Penguin Spit Channel,15,backreef,93.1634,78.9,71.9,16,0,0,0,0,0,0,0
428,STEAUR,10/25/10,Palmyra,Unfished,Penguin Spit Channel,15,backreef,84.98,75.7,66.7,12.88,2,0,0,0,0,0,0
429,STEAUR,10/25/10,Palmyra,Unfished,Penguin Spit Channel,15,backreef,81.53,73.2,67.8,13.39,0,0,0,0,0,0,0
430,STEAUR,10/25/10,Palmyra,Unfished,Penguin Spit Channel,15,backreef,78.67,73.4,68.9,11.88,0,0,0,0,0,0,0
431,STEAUR,10/25/10,Palmyra,Unfished,Penguin Spit Channel,15,backreef,87.65,81.4,75.9,13.8,0,0,0,0,0,0,0
432,STEAUR,10/25/10,Palmyra,Unfished,Penguin Spit Channel,15,backreef,87.98,78.4,73.2,14.49,1,0,0,0,0,0,0
433,STEAUR,10/31/10,Kingman,Unfished,KIN-2010-F1,45,forereef,79.02,73.2,58.8,11,0,0,0,0,0,0,0
434,STEAUR,10/31/10,Kingman,Unfished,KIN-2010-F1,45,forereef,91.55,80.9,65.5,14.41,1,0,0,0,0,0,0
435,STEAUR,10/31/10,Kingman,Unfished,KIN-2010-F1,45,forereef,96.48,74.9,62.1,12,0,0,0,0,0,0,0
436,STEAUR,11/05/10,Tabuaeran,Fished,TAB-2010-F1,65,forereef,109.33,103.7,84.7,27,1,0,0,0,0,0,0
437,STEAUR,11/05/10,Tabuaeran,Fished,TAB-2010-F1,65,forereef,99.4562,92.9,76.5,NA,0,0,0,0,0,0,0
438,STEAUR,11/05/10,Tabuaeran,Fished,TAB-2010-F1,65,forereef,104.7914,96.5,80.4,NA,0,0,0,0,0,0,0
439,STEAUR,11/05/10,Tabuaeran,Fished,TAB-2010-F1,65,forereef,98.31,94.4,74.3,23.52,0,0,0,0,0,0,0
440,STEAUR,11/05/10,Tabuaeran,Fished,TAB-2010-F1,65,forereef,90.5642,88.5,70,NA,0,0,0,0,0,0,0
441,STEAUR,11/05/10,Tabuaeran,Fished,TAB-2010-F1,65,forereef,90.1538,87.3,69.7,NA,0,0,0,0,0,0,0
442,STEAUR,11/05/10,Tabuaeran,Fished,TAB-2010-F1,65,forereef,96.857,87.4,74.6,NA,0,0,0,0,0,0,0
443,STEAUR,11/05/10,Tabuaeran,Fished,TAB-2010-F1,65,forereef,101.19,81.9,74.9,22,1,0,0,0,0,0,0
444,STEAUR,11/05/10,Tabuaeran,Fished,TAB-2010-F1,65,forereef,91.96,81.1,71.1,18.74,0,0,0,0,0,0,0
445,STEAUR,11/05/10,Tabuaeran,Fished,TAB-2010-F1,65,forereef,104.2442,95,80,NA,0,0,0,0,0,0,0
446,STEAUR,11/05/10,Tabuaeran,Fished,TAB-2010-F1,65,forereef,98.03,85,73,19.04,2,0,0,0,0,0,0
447,STEAUR,10/25/10,Palmyra,Unfished,Penguin Spit Channel,15,backreef,87.3,82.7,77,16,0,0,0,0,0,0,0
448,STEAUR,10/25/10,Palmyra,Unfished,Penguin Spit Channel,15,backreef,73.38,67.4,61.4,10.1,0,0,0,0,0,0,0
449,STEAUR,10/25/10,Palmyra,Unfished,Penguin Spit Channel,15,backreef,89.1962,76.3,69,NA,1,0,0,0,0,0,0
450,STEAUR,10/25/10,Palmyra,Unfished,Penguin Spit Channel,15,backreef,87.965,72.3,68.1,NA,0,0,0,0,0,0,0
451,STEAUR,10/25/10,Palmyra,Unfished,Penguin Spit Channel,15,backreef,72.9,67.9,61.4,9.79,1,0,0,0,0,0,0
452,STEAUR,10/25/10,Palmyra,Unfished,Penguin Spit Channel,15,backreef,99.3194,82.1,76.4,13.38,0,0,0,0,0,0,0
453,STEAUR,10/25/10,Palmyra,Unfished,Penguin Spit Channel,15,backreef,84.1346,71.2,65.3,NA,1,0,0,0,0,0,0
454,STEAUR,10/25/10,Palmyra,Unfished,Penguin Spit Channel,15,backreef,85.13,75.1,69.8,12.52,0,1,0,0,0,0,0
455,STEAUR,10/25/10,Palmyra,Unfished,Penguin Spit Channel,15,backreef,82.01,71.7,66.4,11.13,1,0,0,0,0,0,0
456,STEAUR,10/26/10,Palmyra,Unfished,Penguin Spit Channel,15,backreef,80.9882,75.7,63,12.52,0,0,0,0,1,0,0
457,STEAUR,10/26/10,Palmyra,Unfished,Penguin Spit Channel,15,backreef,95.02,86.4,71.2,17.012,1,0,0,0,0,0,0
458,STEAUR,10/26/10,Palmyra,Unfished,Penguin Spit Channel,15,backreef,84.19,82.3,67.3,17,0,0,0,0,0,0,0
459,STEAUR,10/26/10,Palmyra,Unfished,Penguin Spit Channel,15,backreef,92.71,84.8,68.6,18.66,1,0,0,0,0,0,0
460,STEAUR,10/31/10,Kingman,Unfished,KIN-2010-F2,35,backreef,84.4082,77,65.5,NA,3,0,0,0,0,0,0
461,STEAUR,10/31/10,Kingman,Unfished,KIN-2010-F2,35,backreef,88.43,80,68.2,11.62,24,0,0,0,0,0,0
462,STEAUR,10/31/10,Kingman,Unfished,KIN-2010-F2,35,backreef,89.84,80.5,67.9,16,22,0,0,0,0,0,0
463,STEAUR,10/31/10,Kingman,Unfished,KIN-2010-F2,35,backreef,86.19,75.9,65.1,15,3,0,0,0,0,0,0
464,STEAUR,10/31/10,Kingman,Unfished,KIN-2010-F2,35,backreef,84.51,76.8,62.6,13,0,0,0,0,0,0,0
465,STEAUR,10/31/10,Kingman,Unfished,KIN-2010-F2,35,backreef,89.6066,81.3,69.3,15.15,0,0,0,0,0,0,0
466,STEAUR,10/31/10,Kingman,Unfished,KIN-2010-F2,35,backreef,103.013,87.8,79.1,19.55,0,0,0,0,0,0,0
467,STEAUR,10/31/10,Kingman,Unfished,KIN-2010-F2,35,backreef,81.23,72.4,62.4,10,0,0,0,0,0,0,0
468,STEAUR,11/05/10,Tabuaeran,Fished,TAB-2010-F1,65,forereef,97.2,87.4,73,18.44,0,0,0,0,0,0,0
469,STEAUR,11/05/10,Tabuaeran,Fished,TAB-2010-F1,65,forereef,96.58,87.1,72.1,21.47,1,0,0,0,0,0,0
470,STEAUR,11/05/10,Tabuaeran,Fished,TAB-2010-F1,65,forereef,95.3,87.9,72.5,NA,1,0,0,0,0,0,0
471,STEAUR,11/05/10,Tabuaeran,Fished,TAB-2010-F1,65,forereef,105.38,98,82,24.56,0,0,0,0,0,0,0
472,STEAUR,11/05/10,Tabuaeran,Fished,TAB-2010-F1,65,forereef,89.93,98,72,17.6,2,0,0,0,0,0,0
473,STEAUR,11/05/10,Tabuaeran,Fished,TAB-2010-F1,65,forereef,92.67,89,73,17.16,0,0,0,0,0,0,0
474,STEAUR,11/05/10,Tabuaeran,Fished,TAB-2010-F1,65,forereef,97.4042,85,75,NA,0,0,0,0,0,0,0
475,STEAUR,11/05/10,Tabuaeran,Fished,TAB-2010-F1,65,forereef,97.4042,90,75,NA,1,0,0,0,0,0,0
476,STEAUR,11/05/10,Tabuaeran,Fished,TAB-2010-F1,65,forereef,100.13,89,74,22,0,0,0,0,0,0,0
477,STEAUR,11/05/10,Tabuaeran,Fished,TAB-2010-F1,65,forereef,105.69,96,80,22,1,0,0,0,0,0,0
478,STEAUR,11/05/10,Tabuaeran,Fished,TAB-2010-F1,65,forereef,97.4042,95,75,NA,0,0,0,0,0,0,0
479,STEAUR,11/05/10,Tabuaeran,Fished,TAB-2010-F1,65,forereef,101.88,93,76,21,1,0,0,0,0,0,0
480,STEAUR,11/05/10,Tabuaeran,Fished,TAB-2010-F1,65,forereef,97.4042,90,75,NA,0,0,0,0,0,0,0
481,STEAUR,11/09/10,Teraina,Fished,TER-2010-F1,60,forereef,100.1402,91,77,NA,5,0,0,0,0,0,0
482,STEAUR,11/09/10,Teraina,Fished,TER-2010-F1,60,forereef,77.95,75,60,10.069,0,0,0,0,2,0,0
483,STEAUR,11/09/10,Teraina,Fished,TER-2010-F1,60,forereef,105.18,98,86,26,6,0,0,0,0,0,0
484,STEAUR,11/09/10,Teraina,Fished,TER-2010-F1,60,forereef,101.97,83,81,24,2,0,0,0,0,0,0
485,STEAUR,11/09/10,Teraina,Fished,TER-2010-F1,60,forereef,95.21,82,72,19.65,4,0,0,0,0,0,0
486,STEAUR,10/31/10,Kingman,Unfished,KIN-2010-F2,35,backreef,90.36,79.3,69.4,12.42,44,0,0,0,0,0,0
487,STEAUR,10/31/10,Kingman,Unfished,KIN-2010-F2,35,backreef,89.99,83.1,73.3,13,16,0,0,0,0,0,0
488,STEAUR,10/31/10,Kingman,Unfished,KIN-2010-F2,35,backreef,83.5874,75.1,64.9,NA,1,0,0,0,0,0,0
489,STEAUR,11/03/10,Kingman,Unfished,KIN-2010-F4,60,backreef,96,95.7,71.7,17.07,0,0,0,0,0,0,0
490,STEAUR,11/03/10,Kingman,Unfished,KIN-2010-F4,60,backreef,73.1906,71.3,57.3,NA,0,0,0,0,0,0,0
491,STEAUR,11/03/10,Kingman,Unfished,KIN-2010-F4,60,backreef,78.02,76.8,58.9,10.98,2,0,0,0,0,0,0
492,STEAUR,11/03/10,Kingman,Unfished,KIN-2010-F4,60,backreef,91.53,84.4,71.1,17.21,4,0,0,0,0,0,0
493,STEAUR,11/09/10,Teraina,Fished,TER-2010-F1,60,forereef,101.35,91,77,22,4,0,0,0,0,0,0
494,STEAUR,11/09/10,Teraina,Fished,TER-2010-F1,60,forereef,90.94,84,69,17,1,0,0,0,0,0,0
495,STEAUR,11/09/10,Teraina,Fished,TER-2010-F1,60,forereef,103.79,87,77,19.5,5,0,0,0,0,0,0
496,STEAUR,11/09/10,Teraina,Fished,TER-2010-F1,60,forereef,113.8202,101,87,26,3,0,0,0,0,0,0
497,STEAUR,11/09/10,Teraina,Fished,TER-2010-F1,60,forereef,98.09,92,75,22,11,0,0,0,0,0,0
498,STEAUR,11/09/10,Teraina,Fished,TER-2010-F1,60,forereef,86.4602,81,67,NA,4,0,0,0,0,0,0
499,STEAUR,11/09/10,Teraina,Fished,TER-2010-F1,60,forereef,76.8842,73,60,NA,4,0,0,0,0,0,0
500,STEAUR,11/09/10,Teraina,Fished,TER-2010-F1,60,forereef,96.83,88,76,18.25,1,0,0,0,0,0,0
501,STEAUR,11/09/10,Teraina,Fished,TER-2010-F1,60,forereef,100.1402,92,77,NA,0,0,0,0,0,0,0
502,STEAUR,11/09/10,Teraina,Fished,TER-2010-F1,60,forereef,101.48,93,76,21,14,0,0,0,0,0,0
503,STEAUR,11/09/10,Teraina,Fished,TER-2010-F1,60,forereef,102.29,94,77,21.66,4,0,0,0,0,0,0
504,STEAUR,11/13/10,Jarvis,Unfished,JAR-2010-F3,25,forereef,104.1074,93.1,79.9,NA,2,1,0,0,0,0,0
505,STEAUR,11/13/10,Jarvis,Unfished,JAR-2010-F3,25,forereef,88.1018,87.9,68.2,NA,28,0,0,0,0,0,0
506,STEAUR,11/03/10,Kingman,Unfished,KIN-2010-F4,60,backreef,89.93,82.8,66.2,13.42,1,0,0,0,0,0,0
507,STEAUR,11/09/10,Teraina,Fished,TER-2010-F1,60,forereef,84.02,71,64,12,0,0,0,0,0,0,0
508,STEAUR,11/09/10,Teraina,Fished,TER-2010-F1,60,forereef,109.7,102,87,26,2,0,0,0,0,0,0
509,STEAUR,11/09/10,Teraina,Fished,TER-2010-F1,60,forereef,92.41,89,73,16.2,2,0,0,0,0,0,0
510,STEAUR,11/09/10,Teraina,Fished,TER-2010-F1,60,forereef,101,98,81,21,1,0,0,0,0,0,0
511,STEAUR,11/09/10,Teraina,Fished,TER-2010-F1,60,forereef,105.32,97,81,29,1,0,0,0,0,0,0
512,STEAUR,11/09/10,Teraina,Fished,TER-2010-F1,60,forereef,101.63,88,75,21,6,0,0,0,0,0,0
513,STEAUR,11/09/10,Teraina,Fished,TER-2010-F1,60,forereef,100.25,97,77,23,1,0,0,0,0,0,0
514,STEAUR,11/09/10,Teraina,Fished,TER-2010-F1,60,forereef,103.81,98,82,26,7,0,0,0,0,0,0
515,STEAUR,11/09/10,Teraina,Fished,TER-2010-F1,60,forereef,86.47,93,80,25.53,3,0,0,0,0,0,0
516,STEAUR,11/09/10,Teraina,Fished,TER-2010-F1,60,forereef,89.1962,86,69,NA,1,0,0,0,0,0,0
517,STEAUR,11/09/10,Teraina,Fished,TER-2010-F1,60,forereef,96.03,92,74,24,11,0,0,0,0,0,0
518,STEAUR,11/09/10,Teraina,Fished,TER-2010-F1,60,forereef,101.98,92,75,22,2,0,0,0,0,0,0
519,STEAUR,11/12/10,Jarvis,Unfished,JAR-2010-F1,45,forereef,94.93,85.8,71.6,21,21,0,0,0,0,0,0
520,STEAUR,11/12/10,Jarvis,Unfished,JAR-2010-F1,45,forereef,90.62,90,72.3,25,0,0,0,0,0,0,0
521,STEAUR,11/12/10,Jarvis,Unfished,JAR-2010-F1,45,forereef,97.8,94,75.9,23,0,0,0,0,0,0,0
522,STEAUR,11/12/10,Jarvis,Unfished,JAR-2010-F1,45,forereef,94.44,83.6,69.8,18,0,0,0,0,0,0,0
523,STEAUR,11/12/10,Jarvis,Unfished,JAR-2010-F1,45,forereef,92.29,82.5,61,22.02,6,0,0,0,0,0,0
524,STEAUR,11/12/10,Jarvis,Unfished,JAR-2010-F1,45,forereef,104,91.8,79.9,26.79,22,0,0,0,0,0,0
525,STEAUR,11/12/10,Jarvis,Unfished,JAR-2010-F1,45,forereef,99.12,92.2,72.1,23,6,0,0,0,0,0,0
526,STEAUR,11/12/10,Jarvis,Unfished,JAR-2010-F1,45,forereef,82.2194,75.3,63.9,NA,5,0,0,0,0,0,0
527,STEAUR,10/26/10,Palmyra,Unfished,Penguin Spit Channel,15,backreef,91.44,81.5,70.6,16.41,9,0,0,0,0,0,0
528,STEAUR,11/05/10,Tabuaeran,Fished,TAB-2010-F1,65,forereef,105.3386,99.5,80.8,NA,0,0,0,0,0,0,0
529,STEAUR,11/02/10,Kingman,Unfished,KIN-2010-F4,60,backreef,93.25,82.4,66.8,13,2,0,0,0,0,0,0
530,STEAUR,11/02/10,Kingman,Unfished,KIN-2010-F4,60,backreef,83.55,76.5,61.2,10,0,0,0,0,0,0,0
531,STEAUR,11/02/10,Kingman,Unfished,KIN-2010-F4,60,backreef,81.62,75.9,61.8,11,13,0,0,0,0,0,0
532,STEAUR,11/02/10,Kingman,Unfished,KIN-2010-F4,60,backreef,82.56,73.1,62.3,10.37,1,0,0,0,0,0,0
533,STEAUR,11/02/10,Kingman,Unfished,KIN-2010-F4,60,backreef,84.32,75.2,63.4,11,0,0,0,0,0,0,0
534,STEAUR,11/02/10,Kingman,Unfished,KIN-2010-F4,60,backreef,82.55,74.8,64.9,10.05,94,0,0,0,0,0,0
535,STEAUR,11/02/10,Kingman,Unfished,KIN-2010-F4,60,backreef,80.59,73.3,61.8,11.23,0,0,0,0,0,0,0
536,STEAUR,11/12/10,Jarvis,Unfished,JAR-2010-F1,45,forereef,95.51,94.2,74.9,22,2,0,0,0,0,0,0
537,STEAUR,11/12/10,Jarvis,Unfished,JAR-2010-F1,45,forereef,100.08,86.4,75,24,9,0,0,0,0,0,0
538,STEAUR,11/12/10,Jarvis,Unfished,JAR-2010-F1,45,forereef,108.87,96.7,80.1,29.56,8,0,0,0,0,0,0
539,STEAUR,11/12/10,Jarvis,Unfished,JAR-2010-F1,45,forereef,105.34,97.4,79.4,26.51,4,0,0,0,0,0,0
540,STEAUR,11/12/10,Jarvis,Unfished,JAR-2010-F1,45,forereef,102.78,90.2,75.3,22,11,0,0,0,0,0,0
541,STEAUR,11/12/10,Jarvis,Unfished,JAR-2010-F1,45,forereef,111.09,95.4,80.5,30.95,11,0,0,0,0,0,0
542,STEAUR,11/12/10,Jarvis,Unfished,JAR-2010-F1,45,forereef,77.43,71.7,57.3,10,5,0,0,0,0,0,0
543,STEAUR,11/12/10,Jarvis,Unfished,JAR-2010-F1,45,forereef,89.6066,82.5,69.3,16,0,0,0,0,0,0,0
544,STEAUR,11/12/10,Jarvis,Unfished,JAR-2010-F1,45,forereef,63.56,89.9,77,23,9,0,0,0,0,0,0
545,STEAUR,11/12/10,Jarvis,Unfished,JAR-2010-F1,45,forereef,106.32,98.9,80.1,27.43,8,0,0,0,0,0,0
546,STEAUR,11/12/10,Jarvis,Unfished,JAR-2010-F1,45,forereef,103.93,96.8,80.9,29,0,0,0,0,0,0,0
547,STEAUR,11/13/10,Jarvis,Unfished,JAR-2010-F2,50,forereef,106.7066,98.8,81.8,NA,0,0,0,0,4,0,0
548,STEAUR,11/13/10,Jarvis,Unfished,JAR-2010-F2,50,forereef,84.8186,77,65.8,NA,2,0,0,0,0,0,0
549,STEAUR,11/13/10,Jarvis,Unfished,JAR-2010-F2,50,forereef,87.8282,87.8,68,NA,4,0,0,0,0,0,0
550,STEAUR,11/13/10,Jarvis,Unfished,JAR-2010-F2,50,forereef,101.5082,94.2,78,NA,1,0,0,0,0,0,0
551,STEAUR,11/13/10,Jarvis,Unfished,JAR-2010-F3,25,forereef,75.653,74.2,59.1,NA,0,0,0,0,0,0,0
552,STEAUR,11/13/10,Jarvis,Unfished,JAR-2010-F3,25,forereef,94.6682,94.8,73,NA,30,0,0,0,0,0,0
553,STEAUR,11/13/10,Jarvis,Unfished,JAR-2010-F3,25,forereef,107.801,100.1,82.6,NA,5,0,0,0,0,0,0
554,STEAUR,11/13/10,Jarvis,Unfished,JAR-2010-F3,25,forereef,96.857,94.8,74.6,NA,0,0,0,0,0,0,0
555,STEAUR,06/08/09,Kiritimati,Fished,KIR_2009_26,35,forereef,101,94,78,26.69,0,0,0,0,0,0,0
556,STEAUR,06/08/09,Kiritimati,Fished,KIR_2009_26,35,forereef,98,92,78,NA,0,0,0,0,0,0,0
557,STEAUR,06/08/09,Kiritimati,Fished,KIR_2009_26,35,forereef,76,76,59,NA,0,0,0,0,0,0,0
558,STEAUR,06/08/09,Kiritimati,Fished,KIR_2009_26,35,forereef,75.9714,63.8556,52.83,7.96,0,2,0,0,0,0,0
559,STEAUR,06/08/09,Kiritimati,Fished,KIR_2009_26,35,forereef,66.1416,56.9214,50.038,5.35,19,0,0,0,0,0,0
560,STEAUR,06/08/09,Kiritimati,Fished,KIR_2009_26,35,forereef,99.949,88.3666,77.47,24.67,49,0,0,0,0,0,0
561,STEAUR,06/08/09,Kiritimati,Fished,KIR_2009_26,35,forereef,71.769248,62.1792,56.261,7.83,14,0,0,0,0,0,0
562,STEAUR,06/08/09,Kiritimati,Fished,KIR_2009_26,35,forereef,80.645,68.8594,60.9346,9.61,30,0,0,0,0,0,0
563,STEAUR,06/08/09,Kiritimati,Fished,KIR_2009_26,35,forereef,102.108,90.0684,77.4446,23.72,52,0,0,0,0,0,0
564,STEAUR,06/08/09,Kiritimati,Fished,KIR_2009_26,35,forereef,95.9866,86.0044,74.1934,19.7,27,0,0,0,0,0,0
565,PSEBAR,11/12/10,Jarvis,Unfished,JAR-2010-F1,45,forereef,71.81,59.7,49.4,3.83,0,0,0,0,0,0,0
566,PSEBAR,11/12/10,Jarvis,Unfished,JAR-2010-F1,45,forereef,56.32,48,40.1,2.33,0,0,0,0,0,0,0
567,PSEBAR,11/12/10,Jarvis,Unfished,JAR-2010-F1,45,forereef,55.42,46.5,39,2.2,0,0,0,0,0,0,0
568,PSEBAR,11/12/10,Jarvis,Unfished,JAR-2010-F1,45,forereef,56.16,48.8,42.8,2.32,0,0,0,0,0,0,0
569,PSEBAR,11/12/10,Jarvis,Unfished,JAR-2010-F1,45,forereef,63.08,57,50,3.43,0,0,0,0,0,0,0
570,PSEBAR,11/12/10,Jarvis,Unfished,JAR-2010-F1,45,forereef,75.78,60.1,51,3.95,0,0,0,0,0,0,0
571,PSEBAR,11/12/10,Jarvis,Unfished,JAR-2010-F1,45,forereef,71.28,61.2,50.4,3.87,0,0,0,0,0,0,0
572,PSEBAR,11/12/10,Jarvis,Unfished,JAR-2010-F1,45,forereef,65.84,57.2,48.3,3.55,0,0,0,0,0,0,0
573,PSEBAR,11/12/10,Jarvis,Unfished,JAR-2010-F1,45,forereef,62.09,53.3,45.4,2.99,0,0,0,0,0,0,0
574,PSEBAR,11/12/10,Jarvis,Unfished,JAR-2010-F1,45,forereef,61.58,53.5,47,3.31,0,0,0,0,0,0,0
575,PSEBAR,11/12/10,Jarvis,Unfished,JAR-2010-F1,45,forereef,56.05,47.5,42.4,2.45,1,0,0,0,0,0,0
576,PSEBAR,11/13/10,Jarvis,Unfished,JAR-2010-F3,25,forereef,81.01,60,52.6,4.85,0,0,0,0,0,0,0
577,PSEBAR,11/13/10,Jarvis,Unfished,JAR-2010-F3,25,forereef,73.02,62.7,55.9,4.69,0,0,0,0,0,0,0
578,PSEBAR,11/13/10,Jarvis,Unfished,JAR-2010-F3,25,forereef,60.89,53.3,46.6,2.9,0,0,0,0,0,0,0
579,PSEBAR,11/13/10,Jarvis,Unfished,JAR-2010-F3,25,forereef,60.37,52.6,44.4,2.82,0,0,0,0,0,0,0
580,PSEBAR,11/13/10,Jarvis,Unfished,JAR-2010-F3,25,forereef,57.94,50.4,43.5,2.7,0,0,0,0,0,0,0
581,PSEBAR,11/13/10,Jarvis,Unfished,JAR-2010-F3,25,forereef,57.7,50.9,43.9,2.93,0,0,0,0,0,0,0
582,PSEBAR,11/13/10,Jarvis,Unfished,JAR-2010-F3,25,forereef,62.51,51.9,46.7,3.17,0,0,0,0,0,0,0
583,PSEBAR,11/13/10,Jarvis,Unfished,JAR-2010-F3,25,forereef,75.02,59.6,50.1,3.95,0,0,0,0,0,0,0
584,PSEBAR,11/13/10,Jarvis,Unfished,JAR-2010-F3,25,forereef,79.87,65,56.5,5.05,0,0,0,0,0,0,0
585,PSEBAR,11/13/10,Jarvis,Unfished,JAR-2010-F3,25,forereef,61.64,53.5,46.4,2.89,0,0,0,0,0,0,0
586,PSEBAR,11/13/10,Jarvis,Unfished,JAR-2010-F3,25,forereef,60.19,56,46.5,3.45,0,0,0,0,0,0,0
587,PSEBAR,11/14/10,Jarvis,Unfished,JAR-2010-F7,35,forereef,55.22,49.8,43,2.42,0,0,0,0,0,0,0
588,PSEBAR,11/14/10,Jarvis,Unfished,JAR-2010-F7,35,forereef,63.84,56.4,49.1,3.13,0,0,0,0,0,0,0
589,PSEBAR,11/14/10,Jarvis,Unfished,JAR-2010-F7,35,forereef,61.4,55.1,47.7,3.09,0,0,0,0,0,0,0
590,PSEBAR,10/28/10,Palmyra,Unfished,Penguin Spit,15,backreef,31.6,27.1,23.7,0.3265,0,0,0,0,0,0,0
591,PSEBAR,10/28/10,Palmyra,Unfished,Penguin Spit,15,backreef,32.41,27.9,23.1,0.3245,0,0,0,0,0,0,0
592,PSEBAR,10/28/10,Palmyra,Unfished,Penguin Spit,15,backreef,29.06,27.3,24.3,0.305,0,0,0,0,0,0,0
593,PSEBAR,10/28/10,Palmyra,Unfished,Penguin Spit,15,backreef,32.71,28.1,25.9,0.4243,0,0,0,0,0,0,0
594,PSEBAR,10/28/10,Palmyra,Unfished,Penguin Spit,15,backreef,32.334,28.4,25.3,0.3072,0,0,0,0,0,0,0
595,PSEBAR,10/28/10,Palmyra,Unfished,Penguin Spit,15,backreef,32.92,28.4,24.2,0.2968,0,0,0,0,0,0,0
596,PSEBAR,10/28/10,Palmyra,Unfished,Penguin Spit,15,backreef,30.45,28.2,26.7,0.3124,0,0,0,0,0,0,0
597,PSEBAR,11/05/10,Tabuaeran,Fished,TAB-2010-F1,65,forereef,68.69,60.3,52.2,3.7,0,0,0,0,0,0,0
598,PSEBAR,11/05/10,Tabuaeran,Fished,TAB-2010-F1,65,forereef,52.28,45.4,38.9,1.61,0,0,1,0,0,0,0
599,PSEBAR,11/05/10,Tabuaeran,Fished,TAB-2010-F1,65,forereef,45.93754,38.7,34.3,1.1727,0,0,0,0,0,0,0
600,PSEBAR,11/05/10,Tabuaeran,Fished,TAB-2010-F1,65,forereef,47.69,41.1,34.7,1,1,0,0,0,0,0,0
601,PSEBAR,11/05/10,Tabuaeran,Fished,TAB-2010-F1,65,forereef,44.89,39.8,33.8,0.92,0,0,0,0,0,0,0
602,PSEBAR,11/05/10,Tabuaeran,Fished,TAB-2010-F1,65,forereef,65.72,53.7,47.3,2.76,0,0,0,0,0,0,0
603,PSEBAR,11/05/10,Tabuaeran,Fished,TAB-2010-F1,65,forereef,53.56,45.4,39.9,1.61,0,0,1,0,0,0,0
604,PSEBAR,11/05/10,Tabuaeran,Fished,TAB-2010-F1,65,forereef,51.1,46.7,39.8,1.44,0,0,0,0,0,0,0
605,PSEBAR,11/05/10,Tabuaeran,Fished,TAB-2010-F1,65,forereef,61.45,52.1,45.3,2.7,1,0,0,0,0,0,0
606,PSEBAR,11/05/10,Tabuaeran,Fished,TAB-2010-F1,65,forereef,45.59,40.4,34.5,1.064,0,0,0,0,0,0,0
607,PSEBAR,11/05/10,Tabuaeran,Fished,TAB-2010-F1,65,forereef,52.99,46.4,39.5,1.65,0,0,2,0,0,0,0
608,PSEBAR,11/05/10,Tabuaeran,Fished,TAB-2010-F1,65,forereef,69.25,60.3,52.6,4.081,0,0,0,0,0,0,0
609,PSEBAR,11/05/10,Tabuaeran,Fished,TAB-2010-F1,65,forereef,54.12,49.2,42.3,1.97,1,0,0,0,0,0,0
610,PSEBAR,11/05/10,Tabuaeran,Fished,TAB-2010-F1,65,forereef,56.51,48.9,42.8,2.03,0,0,0,0,0,0,0
611,PSEBAR,11/05/10,Tabuaeran,Fished,TAB-2010-F1,65,forereef,51.02,46.6,39.7,1.56,0,0,0,0,0,0,0
612,PSEBAR,11/05/10,Tabuaeran,Fished,TAB-2010-F1,65,forereef,72.53,57,48,3.04,0,0,1,0,0,0,0
613,PSEBAR,11/05/10,Tabuaeran,Fished,TAB-2010-F1,65,forereef,54.09,46.1,39.7,1.63,0,0,0,0,0,0,0
614,PSEBAR,11/05/10,Tabuaeran,Fished,TAB-2010-F1,65,forereef,44.63,37.5,31.5,0.87,0,0,0,0,0,0,0
615,PSEBAR,11/05/10,Tabuaeran,Fished,TAB-2010-F1,65,forereef,52.93,49,42.1,1.86,0,0,0,0,0,0,0
616,PSEBAR,11/05/10,Tabuaeran,Fished,TAB-2010-F1,65,forereef,68.58,52.3,47,3.31,0,0,1,0,0,0,0
617,PSEBAR,11/05/10,Tabuaeran,Fished,TAB-2010-F1,65,forereef,63.82,53,46.4,3.11,0,0,0,0,0,0,0
618,PSEBAR,11/05/10,Tabuaeran,Fished,TAB-2010-F1,65,forereef,52.91,43.1,37,1.57,0,0,1,0,0,0,0
619,PSEBAR,11/05/10,Tabuaeran,Fished,TAB-2010-F1,65,forereef,55.11,47.9,39.8,1.79,0,0,2,0,0,0,0
620,PSEBAR,11/05/10,Tabuaeran,Fished,TAB-2010-F1,65,forereef,69.85,56.6,48.9,3.57,0,0,0,0,0,0,0
621,PSEBAR,11/05/10,Tabuaeran,Fished,TAB-2010-F1,65,forereef,74.27,54.6,47.1,3.28,0,0,0,0,0,0,0
622,PSEBAR,11/05/10,Tabuaeran,Fished,TAB-2010-F1,65,forereef,69.47,54.5,45.7,3.15,0,0,1,0,0,0,0
623,PSEBAR,11/05/10,Tabuaeran,Fished,TAB-2010-F1,65,forereef,50.17,42.3,35.7,1.57,0,0,0,0,0,0,0
624,PSEBAR,11/05/10,Tabuaeran,Fished,TAB-2010-F1,65,forereef,46.74,40.1,34.5,1.23,0,0,0,0,0,0,0
625,PSEBAR,11/09/10,Teraina,Fished,TER-2010-F1,60,forereef,50.31,46,39,1.51,0,0,0,0,0,0,0
626,PSEBAR,11/09/10,Teraina,Fished,TER-2010-F1,60,forereef,51.74,38,NA,1.51,0,0,0,0,0,0,0
627,PSEBAR,11/09/10,Teraina,Fished,TER-2010-F1,60,forereef,34.4769,30,26,NA,0,0,0,0,0,0,0
628,PSEBAR,11/10/10,Teraina,Fished,TER-2010-F7,35,forereef,70.27,61.6,55.1,4.12,0,0,0,0,0,0,0
629,PSEBAR,11/10/10,Teraina,Fished,TER-2010-F7,35,forereef,51.19,43.4,39.5,1.67,0,0,0,0,0,0,0
630,PSEBAR,11/10/10,Teraina,Fished,TER-2010-F7,35,forereef,57.87,48.2,43.1,1.75,0,0,0,0,0,0,0
631,PSEBAR,11/19/10,Kiritimati,Fished,KIR-2010-F1,35,forereef,67.21,60.2,52.9,3.624,0,0,0,0,0,0,0
632,PSEBAR,11/19/10,Kiritimati,Fished,KIR-2010-F1,35,forereef,58.27,54,45.7,2.1178,0,0,0,0,0,0,0
633,PSEBAR,11/19/10,Kiritimati,Fished,KIR-2010-F1,35,forereef,52.73,48.5,42.1,1.718,0,0,0,0,0,0,0
634,PSEBAR,11/19/10,Kiritimati,Fished,KIR-2010-F1,35,forereef,53.15,45.4,41.7,1.74,0,0,0,0,0,0,0
635,PSEBAR,11/19/10,Kiritimati,Fished,KIR-2010-F1,35,forereef,50.33,43.1,38,1.3096,0,0,0,0,0,0,0
636,PSEBAR,11/19/10,Kiritimati,Fished,KIR-2010-F1,35,forereef,50.33,41.8,37.4,1.358,0,0,0,0,0,0,0
637,PSEBAR,11/19/10,Kiritimati,Fished,KIR-2010-F1,35,forereef,50.39,43.5,38.2,1.3199,0,0,0,0,0,0,0
638,PSEBAR,11/19/10,Kiritimati,Fished,KIR-2010-F1,35,forereef,50.88,42.5,37.8,1.384,0,0,0,0,0,0,0
639,PSEBAR,11/19/10,Kiritimati,Fished,KIR-2010-F1,35,forereef,42,34.7,31.2,0.704,0,0,0,0,0,0,0
640,PSEBAR,11/19/10,Kiritimati,Fished,KIR-2010-F1,35,forereef,30.05834,26.9,22.8,NA,0,0,0,0,0,0,0
641,PSEBAR,11/19/10,Kiritimati,Fished,KIR-2010-F1,35,forereef,26.05402,23.6,19.9,NA,0,0,0,0,0,0,0
642,PSEBAR,11/19/10,Kiritimati,Fished,KIR-2010-F1,35,forereef,28.81562,25.6,21.9,NA,0,0,0,0,0,0,0
643,PSEBAR,11/09/10,Teraina,Fished,TER-2010-F1,60,forereef,53.01,48,39,1.71,0,0,0,0,0,0,0
644,PSEBAR,11/09/10,Teraina,Fished,TER-2010-F1,60,forereef,45.61,40,36,0.98,0,0,0,0,0,0,0
645,PSEBAR,11/09/10,Teraina,Fished,TER-2010-F1,60,forereef,51.54,44.6,38.9,1.62,0,0,0,0,0,0,0
646,PSEBAR,11/09/10,Teraina,Fished,TER-2010-F1,60,forereef,48.2849,41,36,0.91,0,0,0,0,0,0,0
647,PSEBAR,11/09/10,Teraina,Fished,TER-2010-F1,60,forereef,37.2385,30,28,NA,0,0,0,0,0,0,0
648,PSEBAR,11/09/10,Teraina,Fished,TER-2010-F1,60,forereef,35.8577,31,27,NA,0,0,0,0,0,0,0
649,PSEBAR,11/09/10,Teraina,Fished,TER-2010-F1,60,forereef,37.2385,33,28,NA,0,0,0,0,0,0,0
650,PSEBAR,11/09/10,Teraina,Fished,TER-2010-F1,60,forereef,35.8577,32,27,NA,0,0,1,0,0,0,0
651,PSEBAR,11/09/10,Teraina,Fished,TER-2010-F2,35,forereef,78.86,68,59.1,6.36,0,0,0,0,0,0,0
652,PSEBAR,11/09/10,Teraina,Fished,TER-2010-F2,35,forereef,79.02,65.5,59.2,5.63,0,0,0,0,0,0,0
653,PSEBAR,11/09/10,Teraina,Fished,TER-2010-F3,35,forereef,55.98,44.3,40.4,1.61,0,0,0,0,0,0,0
654,PSEBAR,11/10/10,Teraina,Fished,TER-2010-F7,35,forereef,72.11,61.9,56.7,4.18,0,0,1,0,0,0,0
655,PSEBAR,11/10/10,Teraina,Fished,TER-2010-F7,35,forereef,76.05,58.6,51.8,3.34,0,0,0,0,0,0,0
656,PSEBAR,11/10/10,Teraina,Fished,TER-2010-F7,35,forereef,60.71,51.9,47.1,2.48,1,0,0,0,0,0,0
657,PSEBAR,11/10/10,Teraina,Fished,TER-2010-F7,35,forereef,58.15,47.8,42.5,2.44,0,0,0,0,0,0,0
658,PSEBAR,11/10/10,Teraina,Fished,TER-2010-F7,35,forereef,54.98,49.3,44.5,1.92,0,0,0,0,0,0,0
659,PSEBAR,11/10/10,Teraina,Fished,TER-2010-F7,35,forereef,61.32,52.5,48.8,2.53,0,0,0,0,0,0,0
660,PSEBAR,11/10/10,Teraina,Fished,TER-2010-F7,35,forereef,52.66,45.7,41.4,1.69,0,0,0,0,0,0,0
661,PSEBAR,11/10/10,Teraina,Fished,TER-2010-F7,35,forereef,49.55,43.6,39.2,1.43,0,0,0,0,0,0,0
662,PSEBAR,11/12/10,Jarvis,Unfished,JAR-2010-F1,45,forereef,48.83722,41.5,36.4,1.357,1,0,0,0,0,0,0
663,PSEBAR,11/12/10,Jarvis,Unfished,JAR-2010-F1,45,forereef,45.52,38.8,32.5,1.088,0,0,0,0,0,0,0
664,PSEBAR,11/12/10,Jarvis,Unfished,JAR-2010-F1,45,forereef,36.77,30.8,25.3,0.467,0,0,0,0,0,0,0
665,PSEBAR,11/14/10,Jarvis,Unfished,JAR-2010-F7,35,forereef,37.32,33.9,28.7,0.603,0,0,0,0,0,0,0
666,PSEBAR,11/05/10,Tabuaeran,Fished,TAB-2010-F1,65,forereef,34.21,30.3,24.8,0.3181,0,0,0,0,0,0,0
667,PSEBAR,11/05/10,Tabuaeran,Fished,TAB-2010-F1,65,forereef,35.59,29.6,24.8,0.387,0,0,0,0,0,0,0
668,PSEBAR,11/05/10,Tabuaeran,Fished,TAB-2010-F1,65,forereef,34.89,30.7,25.6,0.4167,0,0,0,0,0,0,0
669,PSEBAR,11/05/10,Tabuaeran,Fished,TAB-2010-F1,65,forereef,44.26,38.3,32.3,0.7186,0,0,0,0,0,0,0
670,PSEBAR,11/05/10,Tabuaeran,Fished,TAB-2010-F1,65,forereef,47.18,41.5,35.9,0.9616,0,0,0,0,0,0,0
671,PSEBAR,11/05/10,Tabuaeran,Fished,TAB-2010-F1,65,forereef,34.17,29.2,24.2,NA,0,0,0,0,0,0,0
672,PSEBAR,11/05/10,Tabuaeran,Fished,TAB-2010-F1,65,forereef,49.25146,42.7,36.7,NA,0,0,0,0,0,0,0
673,PSEBAR,11/10/10,Teraina,Fished,TER-2010-F7,35,forereef,50.87,46.3,42,1.52,0,0,0,0,0,0,0
674,PARARC,11/12/10,Jarvis,unfished,JAR-2010-F1,45,forereef,129.7,,100.9,39.79,0,3,0,0,2,0,0
675,PARARC,11/12/10,Jarvis,unfished,JAR-2010-F1,45,forereef,104,,84.8,23.51,0,0,0,0,0,0,0
676,PARARC,11/12/10,Jarvis,unfished,JAR-2010-F1,45,forereef,98.3,,79.8,18.72,6,1,0,0,0,0,0
677,PARARC,11/12/10,Jarvis,unfished,JAR-2010-F1,45,forereef,126.9,,102.7,40.57,5,3,0,1,1,0,0
678,PARARC,11/12/10,Jarvis,unfished,JAR-2010-F1,45,forereef,114.8,,93.5,24.92,17,4,0,0,0,0,0
679,PARARC,11/12/10,Jarvis,unfished,JAR-2010-F1,45,forereef,93.5,,75.7,17.57,0,0,0,0,0,0,0
680,PARARC,11/13/10,Jarvis,unfished,JAR-2010-F3,25,forereef,115,,95,29.47,0,0,0,0,19,0,0
681,PARARC,11/13/10,Jarvis,unfished,JAR-2010-F3,25,forereef,117,,99,30.7,4,0,0,0,0,0,0
682,PARARC,11/13/10,Jarvis,unfished,JAR-2010-F3,25,forereef,94,,81,11.75,0,0,0,0,0,0,0
683,PARARC,11/13/10,Jarvis,unfished,JAR-2010-F3,25,forereef,108,,93,21.75,1,0,0,0,0,0,0
684,PARARC,11/13/10,Jarvis,unfished,JAR-2010-F3,25,forereef,116,,98,28.8,10,0,0,0,0,0,0
685,PARARC,11/13/10,Jarvis,unfished,JAR-2010-F3,25,forereef,110,,90,25.7,12,0,0,0,0,0,0
686,PARARC,11/13/10,Jarvis,unfished,JAR-2010-F3,25,forereef,80,,69,7.45,0,0,0,0,0,0,0
687,PARARC,11/13/10,Jarvis,unfished,JAR-2010-F3,25,forereef,119,,100,34.38,9,0,0,0,0,0,0
688,PARARC,11/13/10,Jarvis,unfished,JAR-2010-F3,25,forereef,105,,87,20.35,2,1,0,0,0,0,0
689,PARARC,11/13/10,Jarvis,unfished,JAR-2010-F3,25,forereef,110,,90,24.92,1,0,0,0,0,0,0
690,PARARC,11/13/10,Jarvis,unfished,JAR-2010-F3,25,forereef,93,,77,13.21,4,1,0,0,0,0,0
691,PARARC,11/13/10,Jarvis,unfished,JAR-2010-F3,25,forereef,116,,95,25.58,4,2,0,0,13,0,0
692,PARARC,11/13/10,Jarvis,unfished,JAR-2010-F3,25,forereef,124,,105,31.69,3,2,0,0,0,0,0
693,PARARC,11/13/10,Jarvis,unfished,JAR-2010-F3,25,forereef,116,,100,27.36,6,1,0,0,1,0,0
694,PARARC,11/13/10,Jarvis,unfished,JAR-2010-F3,25,forereef,90,,76,14.25,21,1,0,0,0,0,0
695,PARARC,11/13/10,Jarvis,unfished,JAR-2010-F3,25,forereef,107,,89,21.25,8,0,0,0,0,0,0
696,PARARC,11/13/10,Jarvis,unfished,JAR-2010-F3,25,forereef,106,,88,21.33,2,2,0,0,0,0,0
697,PARARC,11/13/10,Jarvis,unfished,JAR-2010-F3,25,forereef,122,,104,31.19,10,0,0,0,0,0,0
698,PARARC,11/13/10,Jarvis,unfished,JAR-2010-F3,25,forereef,125,,106,33.24,2,0,0,0,0,0,0
699,PARARC,11/13/10,Jarvis,unfished,JAR-2010-F3,25,forereef,115,,94,25.86,0,0,0,0,0,0,0
700,PARARC,11/13/10,Jarvis,unfished,JAR-2010-F3,25,forereef,120,,103,29.94,1,3,0,0,0,0,0
701,PARARC,11/13/10,Jarvis,unfished,JAR-2010-F3,25,forereef,100,,86,17.13,4,0,0,0,1,0,0
702,PARARC,11/02/10,Kingman,unfished,KIN-2010-F5,60,forereef,95.1,,79,18.03,1,0,0,0,0,0,0
703,PARARC,11/02/10,Kingman,unfished,KIN-2010-F5,60,forereef,85.2,,68.8,9.56,2,0,0,0,0,0,0
704,PARARC,11/02/10,Kingman,unfished,KIN-2010-F5,60,forereef,102.9,,82.4,NA,0,0,0,0,0,0,0
705,PARARC,11/02/10,Kingman,unfished,KIN-2010-F5,60,forereef,62.1,,50.3,4.28,0,0,0,0,0,0,0
706,PARARC,11/02/10,Kingman,unfished,KIN-2010-F5,60,forereef,90.9,,74.9,15.55,0,0,0,0,0,0,0
707,PARARC,11/01/10,Kingman,unfished,KIN-2010-F3,35,patchreef,66.7,,54.9,5.22,1,0,0,0,0,0,0
708,PARARC,11/01/10,Kingman,unfished,KIN-2010-F3,35,patchreef,70.8,,64,8.17,0,0,0,0,0,0,0
709,PARARC,11/01/10,Kingman,unfished,KIN-2010-F4,62.5,backreef,98.7,,81.5,15.59,1,0,0,0,2,0,0
710,PARARC,11/01/10,Kingman,unfished,KIN-2010-F4,62.5,backreef,76.4,,63.8,6.98,2,0,0,0,3,0,0
711,PARARC,11/01/10,Kingman,unfished,KIN-2010-F4,62.5,backreef,95.1,,78.1,14.03,0,0,0,0,0,0,0
712,PARARC,11/01/10,Kingman,unfished,KIN-2010-F4,62.5,backreef,94.5,,76.5,13.31,0,0,0,0,0,0,0
713,PARARC,11/01/10,Kingman,unfished,KIN-2010-F4,62.5,backreef,74.8,,61.9,6.44,0,0,0,0,15,0,0
714,PARARC,10/31/10,Kingman,unfished,KIN-2010-F2,35,backreef,80.4,,63.9,8.19,0,0,0,0,0,0,0
715,PARARC,11/01/10,Kingman,unfished,KIN-2010-F4,62.5,backreef,70.3,,58.8,NA,0,0,0,0,0,0,0
716,PARARC,11/02/10,Kingman,unfished,KIN-2010-F5,60,forereef,94.4,,77.4,16.81,2,0,0,0,1,0,0
717,PARARC,11/02/10,Kingman,unfished,KIN-2010-F5,60,forereef,100.7,,84.3,17.96,2,0,0,0,0,0,0
718,PARARC,11/02/10,Kingman,unfished,KIN-2010-F5,60,forereef,102.6,,86.3,21.53,1,0,0,0,0,0,0
719,PARARC,11/02/10,Kingman,unfished,KIN-2010-F5,60,forereef,90.1,,79.8,12.03,0,0,0,0,0,0,0
720,PARARC,11/02/10,Kingman,unfished,KIN-2010-F5,60,forereef,80.4,,67.7,8.99,1,0,0,0,0,0,0
721,PARARC,11/02/10,Kingman,unfished,KIN-2010-F5,60,forereef,85.2,,71,NA,0,0,0,0,0,0,0
722,PARARC,11/02/10,Kingman,unfished,KIN-2010-F5,60,forereef,102.3,,85.1,19.33,1,0,0,0,0,0,0
723,PARARC,11/01/10,Kingman,unfished,KIN-2010-F3,35,patchreef,102.31,,83.12,16.34,0,0,0,0,0,0,0
724,PARARC,11/01/10,Kingman,unfished,KIN-2010-F3,35,patchreef,100.42,,81.71,15.93,0,0,0,0,2,0,0
725,PARARC,11/02/10,Kingman,unfished,KIN-2010-F4,60,backreef,75.6,,62.9,6.58,0,0,0,0,0,0,0
726,PARARC,11/02/10,Kingman,unfished,KIN-2010-F4,60,backreef,74.2,,62,7,0,0,0,0,0,0,0
727,PARARC,05/15/14,Kiritimati,fished,KIR-2010-30,40,forereef,108,,90,22.42,0,1,0,0,0,0,0
728,PARARC,05/15/14,Kiritimati,fished,KIR-2010-30,40,forereef,92,,79,13.25,18,0,0,0,0,0,0
729,PARARC,05/15/14,Kiritimati,fished,KIR-2010-30,40,forereef,69,,56,5.34,0,0,0,0,0,0,0
730,PARARC,05/09/14,Kiritimati,fished,KIR-2010-27,33,forereef,82,,68,10.93,6,0,0,0,0,0,0
731,PARARC,05/09/14,Kiritimati,fished,KIR-2010-27,33,forereef,56,,46,3.05,0,0,0,0,0,0,0
732,PARARC,05/18/14,Kiritimati,fished,KIR-2010-30,33,forereef,93,,80,12.42,35,0,0,0,0,0,0
733,PARARC,05/18/14,Kiritimati,fished,KIR-2010-30,33,forereef,110,,90,22.95,118,1,0,0,0,0,0
734,PARARC,05/18/14,Kiritimati,fished,KIR-2010-30,33,forereef,89,,74,12.08,22,0,0,0,2,0,0
735,PARARC,05/18/14,Kiritimati,fished,KIR-2010-27,30,forereef,70,,59,6.61,8,0,0,0,0,0,0
736,PARARC,05/18/14,Kiritimati,fished,KIR-2010-27,30,forereef,62,,53,4.43,2,0,0,0,0,0,0
737,PARARC,05/18/14,Kiritimati,fished,KIR-2010-27,30,forereef,50,,40,1.98,0,0,0,0,0,0,0
738,PARARC,05/18/14,Kiritimati,fished,KIR-2010-27,30,forereef,80,,67,9,0,0,0,0,0,0,0
739,PARARC,05/18/14,Kiritimati,fished,KIR-2010-27,30,forereef,75,,63,6.71,0,0,0,0,0,0,0
740,PARARC,05/18/14,Kiritimati,fished,KIR-2010-27,30,forereef,69,,57,4.97,0,0,0,0,0,0,0
741,PARARC,05/18/14,Kiritimati,fished,KIR-2010-27,30,forereef,84,,70,10.27,18,0,0,0,0,0,0
742,PARARC,05/18/14,Kiritimati,fished,KIR-2010-27,30,forereef,68,,59,5.42,1,0,0,0,0,0,0
743,PARARC,05/18/14,Kiritimati,fished,KIR-2010-27,30,forereef,65,,56,4.8,5,0,0,0,0,0,0
744,PARARC,05/18/14,Kiritimati,fished,KIR-2010-27,30,forereef,76,,64,8.51,50,0,0,0,0,0,0
745,PARARC,05/18/14,Kiritimati,fished,KIR-2010-27,30,forereef,36,,29,0.65,15,0,0,0,0,0,0
746,PARARC,05/13/14,Kiritimati,fished,KIR-2010-27,30,forereef,82,,70,11.61,6,0,0,0,0,0,0
747,PARARC,05/13/14,Kiritimati,fished,KIR-2010-27,30,forereef,84,,73,10.89,13,0,0,0,0,0,0
748,PARARC,05/13/14,Kiritimati,fished,KIR-2010-27,30,forereef,53,,46,2.87,0,0,0,0,0,0,0
749,PARARC,05/13/14,Kiritimati,fished,KIR-2010-27,30,forereef,55,,45,2.84,0,0,0,0,0,0,0
750,PARARC,05/13/14,Kiritimati,fished,KIR-2010-27,30,forereef,81,,70,10.36,4,0,0,0,0,0,0
751,PARARC,05/23/14,Kiritimati,fished,KIR-2010-30,39,forereef,116,,102,31.23,5,1,0,0,4,0,0
752,PARARC,11/05/10,Tabuaeran,fished,TAB-2010-F1,65,forereef,99.7,,81.4,16.18,0,0,0,0,0,0,0
753,PARARC,11/05/10,Tabuaeran,fished,TAB-2010-F1,65,forereef,107.7,,88.1,21.73,1,0,0,0,0,0,0
754,PARARC,11/05/10,Tabuaeran,fished,TAB-2010-F1,65,forereef,87.2,,69.5,10.984,0,0,0,0,0,0,0
755,PARARC,11/05/10,Tabuaeran,fished,TAB-2010-F1,65,forereef,95.1,,79.6,14.72,2,0,0,0,0,0,0
756,PARARC,11/05/10,Tabuaeran,fished,TAB-2010-F1,65,forereef,110.2,,90,23,2,0,0,0,0,0,0
757,PARARC,11/05/10,Tabuaeran,fished,TAB-2010-F1,65,forereef,85,,74,9.85,1,0,0,0,0,0,0
758,PARARC,11/05/10,Tabuaeran,fished,TAB-2010-F1,65,forereef,95,,79,13.12,0,0,0,0,0,0,0
759,PARARC,11/05/10,Tabuaeran,fished,TAB-2010-F1,65,forereef,87,,72,11.789,0,0,0,0,0,0,0
760,PARARC,11/05/10,Tabuaeran,fished,TAB-2010-F1,65,forereef,113,,97,27.2,0,0,0,0,0,0,0
761,PARARC,11/05/10,Tabuaeran,fished,TAB-2010-F1,65,forereef,90,,73,13.652,0,0,0,0,0,0,0
762,PARARC,11/05/10,Tabuaeran,fished,TAB-2010-F1,65,forereef,107,,89,21.433,0,0,0,0,0,0,0
763,PARARC,11/05/10,Tabuaeran,fished,TAB-2010-F1,65,forereef,115,,100,26.61,5,0,0,0,0,0,0
764,PARARC,11/05/10,Tabuaeran,fished,TAB-2010-F1,65,forereef,106,,90,19.56,0,0,0,0,0,0,0
765,PARARC,11/07/10,Tabuaeran,fished,TAB-2010-F4,65,forereef,111,,89,21.53,4,0,0,0,0,0,0
766,PARARC,11/07/10,Tabuaeran,fished,TAB-2010-F4,65,forereef,102,,81,14.444,5,0,0,0,0,0,0
767,PARARC,11/05/10,Tabuaeran,fished,TAB-2010-F1,65,forereef,81,,67,NA,5,0,0,0,5,0,0
768,PARARC,11/05/10,Tabuaeran,fished,TAB-2010-F1,65,forereef,105,,86,23.37,3,0,0,0,0,0,0
769,PARARC,11/05/10,Tabuaeran,fished,TAB-2010-F1,65,forereef,86,,75,9.7093,0,0,0,0,0,0,0
770,PARARC,11/05/10,Tabuaeran,fished,TAB-2010-F1,65,forereef,83,,69,11.05,0,0,0,0,0,0,0
771,PARARC,11/05/10,Tabuaeran,fished,TAB-2010-F1,65,forereef,101.7,,84.7,20.1,1,0,0,0,0,0,0
772,PARARC,11/05/10,Tabuaeran,fished,TAB-2010-F1,65,forereef,107.6,,86.5,20.86,0,0,0,0,0,0,0
773,PARARC,11/05/10,Tabuaeran,fished,TAB-2010-F1,65,forereef,108.2,,89.6,21.47,2,0,0,0,1,0,0
774,PARARC,11/05/10,Tabuaeran,fished,TAB-2010-F1,65,forereef,108.4,,88.6,21.54,1,0,0,0,0,0,0
775,PARARC,11/05/10,Tabuaeran,fished,TAB-2010-F1,65,forereef,94.6,,77.7,14.03,0,0,0,0,0,0,0
776,PARARC,11/05/10,Tabuaeran,fished,TAB-2010-F1,65,forereef,90.6,,74.7,12.78,0,0,0,0,0,0,0
777,PARARC,11/05/10,Tabuaeran,fished,TAB-2010-F1,65,forereef,106.7,,87.5,20.9,0,0,0,0,0,0,0
778,PARARC,11/09/10,Teraina,fished,TER-2010-F2,35,forereef,114.9,,94.6,28304,2,0,0,0,3,0,0
779,PARARC,11/09/10,Teraina,fished,TER-2010-F2,35,forereef,89.8,,75,13.6687,0,0,0,0,0,0,0
780,PARARC,11/10/10,Teraina,fished,TER-2010-F7,35,forereef,104.9,,88.1,20.03,1,1,0,0,0,0,0
781,PARARC,11/10/10,Teraina,fished,TER-2010-F7,35,forereef,113.9,,89.8,22.19,1,0,0,0,0,0,0
782,PARARC,11/09/10,Teraina,fished,TER-2010-F1,60,forereef,101,,85,16.28,58,0,0,0,3,0,0
783,PARARC,11/09/10,Teraina,fished,TER-2010-F1,60,forereef,115,,93,26.19,0,0,0,0,0,0,0
784,PARARC,11/09/10,Teraina,fished,TER-2010-F1,60,forereef,102,,82,20.46,1,0,0,0,0,0,0
785,PARARC,11/09/10,Teraina,fished,TER-2010-F1,60,forereef,86,,69,10.5,1,0,0,0,0,0,0
786,PARARC,11/09/10,Teraina,fished,TER-2010-F1,60,forereef,104,,87,32.36,6,0,0,0,0,0,0
787,PARARC,11/09/10,Teraina,fished,TER-2010-F1,60,forereef,124,,99,36.8938,13,0,0,0,0,0,0
788,PARARC,11/09/10,Teraina,fished,TER-2010-F1,60,forereef,117,,94,228.27,9,0,0,0,0,0,0
789,PARARC,11/09/10,Teraina,fished,TER-2010-F1,60,forereef,92,,77,17.025,11,0,0,0,0,0,0
790,PARARC,11/09/10,Teraina,fished,TER-2010-F1,60,forereef,106,,86,21.98,3,0,0,0,0,0,0
791,PARARC,11/09/10,Teraina,fished,TER-2010-F1,60,forereef,114,,93,27.42,4,0,0,0,0,0,0
792,PARARC,11/09/10,Teraina,fished,TER-2010-F1,60,forereef,120,,98,32.7,9,0,0,0,1,0,0
793,PARARC,11/09/10,Teraina,fished,TER-2010-F1,60,forereef,97,,78,14.14,18,0,0,0,3,0,0
794,PARARC,11/08/10,Teraina,fished,TER-2010-F1,60,forereef,119,,96,30.55,7,0,0,0,0,0,0
795,PARARC,11/08/10,Teraina,fished,TER-2010-F1,60,forereef,90,,73,11.544,0,0,0,0,0,0,0
796,PARARC,11/08/10,Teraina,fished,TER-2010-F1,60,forereef,88,,68,11.06,2,0,0,0,0,0,0
797,PARARC,11/08/10,Teraina,fished,TER-2010-F1,60,forereef,103,,83,17.091,2,0,0,0,0,0,0
798,PARARC,11/08/10,Teraina,fished,TER-2010-F1,60,forereef,117,,94,26.66,26,0,0,0,0,0,0
799,PARARC,11/08/10,Teraina,fished,TER-2010-F1,60,forereef,99,,82,16.89,1,0,0,0,0,0,0
800,PARARC,11/08/10,Teraina,fished,TER-2010-F1,60,forereef,99,,82,15.2365,10,0,0,0,1,0,0
801,PARARC,11/08/10,Teraina,fished,TER-2010-F1,60,forereef,108,,96,26.86,4,0,0,0,2,0,0
802,PARARC,11/08/10,Teraina,fished,TER-2010-F1,60,forereef,101,,82,15.0461,1,0,0,0,3,0,0
